Session_ID,session_duration,request_count,time_afternoon,time_evening,time_morning,time_night,time_wee_hours
01o7p78e2bnu1814jn5k4uqke4,31.0,64,64,0,0,0,0
03jt2p4bdru20sjb9me2gco6j4,882.0,897,0,0,897,0,0
0654rvnjhnr0pvsi3qa3e16avo,112.0,82,82,0,0,0,0
06ivkemfgn93qhl5j0vu96rnl4,7.0,13,0,0,13,0,0
071tbv7fsev5d64kb0f9jieor6,680.0,401,0,401,0,0,0
094i85crhkpkhqpi3rl4athrn4,282.0,316,0,0,0,316,0
0d5d2435pbn4mi4gj9spju5gia,4.0,12,0,0,12,0,0
0d9geeoeb756546qnikv1ro4m5,33.0,39,0,0,39,0,0
0erfuds6s7kpisp8j1pphnombt,314.0,195,0,0,195,0,0
0gcm09cd38usjvnjipmqleh0dj,62.0,46,46,0,0,0,0
0ht0u328t4mkgi01sp7mm07e01,142.0,109,109,0,0,0,0
0i5kvpslrq3vb6u8ff2kuejv0v,465.0,283,0,283,0,0,0
0ikgnsdpp5jt1qd7fro2va4oka,1059.0,1075,0,0,1075,0,0
0jfeqj4kpolvb97o2s5ks7l0j4,588.0,624,624,0,0,0,0
0o21mf1bnalsnajqi851nce7po,7.0,19,0,0,0,19,0
0oa2dua3mli7mrr32c0gd4o0i2,162.0,119,119,0,0,0,0
0ogg5l1i4nh37ek8mjpn8q9fc0,25.0,49,49,0,0,0,0
0oi4fvkqd1acu5g08vep8eefqg,116.0,141,0,0,141,0,0
0p0kaqfmftrtfg0u12rkshrdi9,211.0,157,0,0,0,157,0
0pcr6mashfodserb90cq3p04uf,280.0,194,194,0,0,0,0
0pe4qdimjjcomlurpgml7o098t,10.0,16,0,0,0,0,16
0qtjb0182k597rhbb8lkk1t2h0,270.0,165,165,0,0,0,0
0sejj3er3n0v1sfjv2jbnhaav4,89.0,97,97,0,0,0,0
0ucre4qu5jiho5kbjq61hr495f,338.0,373,0,373,0,0,0
0uhr32hgcllradm0p6b15371gi,1061.0,2447,0,0,2447,0,0
0vkricl80bt5v7n2s6bbhvlvk3,137.0,158,0,158,0,0,0
108idm26bcno4qf8gqdml2sge3,44.0,52,0,0,52,0,0
124nsuu4makfggp1h3ametehri,96.0,114,0,0,114,0,0
16egv6d1m87udqmd5na62btekf,2.0,10,0,0,0,10,0
16r8lv9fabgjk06di8usnmu9ni,431.0,273,273,0,0,0,0
18ldmki7l8n9ts6jn32uh9ulli,25.0,33,33,0,0,0,0
1afcff96kgdbmevi5aemi5mkuj,425.0,261,0,261,0,0,0
1aqgqrcuurlmvvbbpirvsh7e53,311.0,206,0,0,206,0,0
1b5jo142dddav6pjjok6jecpj4,6.0,10,10,0,0,0,0
1c1h9oumn2pa0pb04v8f6fn515,111.0,136,136,0,0,0,0
1c414c34a3mtpaafer5lt5vvj2,112.0,88,0,88,0,0,0
1fsvu7m4pbt9htk9432cnv28mr,123.0,92,92,0,0,0,0
1g3j2jmtjse3k9p4r62706vsm0,378.0,241,0,0,0,0,241
1g4h4vh4d2uv360aoo55b086hd,387.0,426,0,426,0,0,0
1gg7urt9m7ngrt4rqu1q43t5fc,298.0,176,176,0,0,0,0
1gkkisdcfhov1vv3n5ae0eotg9,32.0,50,0,0,0,50,0
1gpqg899dn1eafk0j474koislc,276.0,304,304,0,0,0,0
1hv0rajig2vijia10tvjvhq12e,9623.0,795,209,0,586,0,0
1io851t86ui0flvporc43coa44,88.0,97,0,0,97,0,0
1j8bfg4kkf15a9oj1igr147ol2,2316.0,1816,0,0,1816,0,0
1jtqu9bvu7bii5p6kcsbgqbqa3,452.0,482,0,482,0,0,0
1m7s5287lpll34gm0amdciqvb5,38.0,62,0,0,62,0,0
1mvlnshabcf3gbr9subps50a00,1104.0,1135,0,1135,0,0,0
1nbs17btpqhl48dfu2nklqhffq,255.0,276,276,0,0,0,0
1np35kml8m5i7a1at5jeo1kbj5,350.0,224,0,0,0,224,0
1nufffs0sri7c3ere47b9i5srv,35.0,57,0,0,57,0,0
1o1q64siv4eesglagbq44pjjle,5.0,16,16,0,0,0,0
1o8bhjhm5k72l4gp4t22njhofd,31.0,65,65,0,0,0,0
1onh1ot5pr6j6g739m8cp5dfj0,132.0,159,0,0,159,0,0
1r170g6lqfoff21od5nn9f976a,448.0,273,0,0,0,273,0
1sijirkrahu3j2dp0qmb78691l,438.0,476,0,476,0,0,0
1ttvuqau08dh4t1cjg50pr2298,592.0,348,348,0,0,0,0
1u41k0lehrsbt97q0pe4knpa6c,43.0,85,85,0,0,0,0
1u58qbe9ofc98u2ghpmrssvf7p,12.0,19,0,19,0,0,0
1um3qqrnsvve0s19nean547qq4,294.0,188,0,0,0,0,188
20054o9vd2q32sqnc3g6kj17om,425.0,268,268,0,0,0,0
20jivuatdk4e12e8kv9amk558n,13.0,13,13,0,0,0,0
229ea81027hf6454si90erdedm,9.0,65,0,0,0,0,65
22nc1tt35cv954ms0oqvbcedpi,369.0,230,0,0,0,0,230
24p9g4vknl8658896iaim0s991,338.0,228,0,0,0,228,0
26t8bqt44eou982kgvp9ve4p2i,318.0,199,0,0,0,0,199
26v7bi8e0oc7p58e3s9v8eic9f,495.0,317,0,0,317,0,0
26vbvibjbmj8melqbk3v0f98lg,322.0,225,0,0,0,225,0
27479tfiqfgi99u7r4vq0q33db,195.0,232,0,0,232,0,0
280itudqubof37k9lj729sf36k,404.0,273,0,0,0,273,0
29qvj8g1h6snmr2e3gjll5t3m1,202.0,164,164,0,0,0,0
2ciamdo9317m8q3tm7b11t4p6e,29.0,40,40,0,0,0,0
2cod58pj6b57pun9fl0vhiqoia,265.0,294,294,0,0,0,0
2dog8ussjb1su485cbk44ch0b3,22.0,26,0,26,0,0,0
2h5rept2cah2lqu3q4o99smupd,121.0,94,0,94,0,0,0
2h80p3ff9jpfboaddjevmi55rs,251.0,287,287,0,0,0,0
2ing4ldnnd40og2ej20qnsesbb,1292.0,1684,0,0,0,0,1684
2j54lp7l4tosj8qtp2jaq0654a,402.0,436,0,436,0,0,0
2k97re4f45gl0ktl40bav6lfqf,79.0,100,100,0,0,0,0
2kgh70cmf4mhhebk1nlm7iar4e,340.0,221,0,0,0,221,0
2l614ncb4kp7p6q9b0a5ln3ao6,281.0,312,312,0,0,0,0
2lh3e8j6so3e98fpi0v05du393,2.0,10,0,0,0,0,10
2nbg4n3n6r9rjm8i3ssgkun3ut,394.0,247,0,0,0,247,0
2ofo1qtu8s78p042if3guleash,0.0,6,0,0,6,0,0
2ojc0m4iu85a1fggs34ppevk2k,1513.0,1467,0,0,1467,0,0
2plqdrutng0gghb9ntoqp215d6,100.0,86,86,0,0,0,0
2s8fa1s8oe1rqsf0ddm7m9q7da,233.0,179,179,0,0,0,0
2ug2ev7dhmgn6780sn51jc7s6i,403.0,256,0,0,0,256,0
2vhdk7kkt7dtos2hn1fnlkf9ee,98.0,123,0,0,123,0,0
30jcp3kes0o21ej00145hji0gi,97.0,124,0,0,124,0,0
31vd4424iaoqg0c0gufqriq1ts,284.0,173,0,0,0,0,173
33gvkkt0bdfkjce2hd6rg5optm,131.0,205,205,0,0,0,0
35siqb4j2kkkqj9sl59b1mb3mc,53.0,59,0,0,0,59,0
36m3d3mt4dfs9shoptldptokbe,173.0,195,195,0,0,0,0
36rja5utab0pakj5136bi7rkop,5759.0,2189,0,0,2189,0,0
37c1p9a3j6s14c1t90gdbgjle5,249.0,186,0,0,186,0,0
37f112qml42d33pentjpilckno,142.0,168,0,0,168,0,0
38n32l6uepd8e4gvce8gaaeiuq,1410.0,1442,0,1442,0,0,0
3anop7496piqmb18uqiso0aems,338.0,224,0,0,0,224,0
3auhkidhn5nqe9bloh2vvl5gbl,4.0,14,0,0,14,0,0
3bo9d8dursvo4oi50seqn5b03o,12.0,21,0,0,21,0,0
3ctnavj7r6jrdpq5q0n8s7s4l1,344.0,214,214,0,0,0,0
3d46kbg48go8hu4srfkogn5p27,349.0,384,0,0,0,384,0
3dlhqa29pdkpur5c0fh3a1gcga,901.0,960,960,0,0,0,0
3e1l4pk01sc0ailn31s1mk5482,138.0,163,0,0,163,0,0
3efd8lf96ehp33fgbmbr4340tb,33.0,38,0,0,38,0,0
3ej2paptt43pk3mtd57opv4qu8,158.0,101,101,0,0,0,0
3idgnbekhsu1kggq8tgpf78qpk,1025.0,585,0,0,0,585,0
3io4o9tlg7fa20l20kbidpqh7f,230.0,255,0,255,0,0,0
3k02va28s8i6u55poq55d3pn7c,155.0,108,0,108,0,0,0
3n2l49snas8412o73vesnrhamu,16.0,15,15,0,0,0,0
3n5tfsl313lu7d2r708qdqtqe0,210.0,234,32,202,0,0,0
3nc17617gvarormtprojm161k4,171.0,198,198,0,0,0,0
3p31i0ob3gn1isfdhbjeuc5j0p,4762.0,3864,1230,0,2634,0,0
3p6scp5rnqun6k08tnudv5gacg,236.0,261,261,0,0,0,0
3p8qp6np717jbhmhu8329s9nb6,103.0,126,0,0,126,0,0
3ptlnebdqmrm4bb4ejcfb0taom,15.0,25,0,0,25,0,0
3qfgfasvf42im2b2pba7hlhvdq,178.0,130,130,0,0,0,0
3r9cb69qg00fac5os9au9a745h,68.0,91,0,0,91,0,0
3rfboibsp6vin0c5iqp8r33f5n,186.0,135,135,0,0,0,0
3s2on00ho4bp1291c5q0avn7ov,2.0,8,8,0,0,0,0
3uqepgd76f9ecnauehcl4sucbh,289.0,225,225,0,0,0,0
3v4lcjqcmnpq4p0r6ljintqqkh,311.0,201,0,0,0,0,201
44jg252hdbvtafg865qn3qvi8o,141.0,101,0,101,0,0,0
44t7uhcc4rpgu230t5or49f7jj,6.0,15,0,0,15,0,0
453lvg24j5relktbluq4s08um3,318.0,351,351,0,0,0,0
46hm95bnvnuglhj1i1906nc80u,11.0,29,0,0,29,0,0
48sh2dvjsabsgd2ck8tlt04cd2,179.0,118,0,118,0,0,0
49rbuft0lmtfjd3qn70np3lk51,439.0,286,0,0,286,0,0
49smdeovekeq8fgrnfejp533r3,83.0,103,0,0,103,0,0
4aoe3lhvk4np2qojt6jlgbrntk,328.0,217,0,0,0,0,217
4bnqt73v1q2ofhu8uj797irb7a,207.0,228,0,228,0,0,0
4brmbia6h899nmpvf2l1qgt2jm,154.0,114,114,0,0,0,0
4cn3hvubj72vjjnbi1pgvu6sqc,3.0,12,12,0,0,0,0
4fo576p1kf4i1frb6s4c07q3pp,126.0,157,0,0,157,0,0
4fvnea8pcvh9fg7ei2tjsf1p27,532.0,329,0,0,0,329,0
4h1710vfqecf0h4r5ns5tkv72t,58.0,77,0,0,77,0,0
4h65el6r17t2u33da36n7m6shg,360.0,234,0,0,0,234,0
4j64bd6drdkbib7sfpaue62poi,494.0,304,304,0,0,0,0
4kucqihoo9s9u56h2aqnk8kbj5,30.0,34,0,0,34,0,0
4m80gpjmc7m39n63ksnr40i6fo,1058.0,1048,1048,0,0,0,0
4mae49mh8va4g03vjatfn6np9b,255.0,182,0,0,0,182,0
4oi16je8fib5nuimua9kvsjd46,430.0,278,0,0,0,278,0
4siqhlcume2me7ialjagodfeaa,124.0,150,0,0,150,0,0
4ukoj19oqv7bp3taide1nnapgc,10.0,21,21,0,0,0,0
520pmodf6t9q95sb811308fdi0,13.0,20,0,0,20,0,0
526le3v55eugl2o3nt6s26dour,144.0,161,0,161,0,0,0
54r7mtopia1m3eq3mdblr3uuet,169.0,112,112,0,0,0,0
55vbvsikr2l9bfeklmh8cumi5k,80.0,107,0,0,107,0,0
5764gbg3t8mtql9553lu8kf2gi,165.0,200,0,0,200,0,0
5765skheqscehsp8fhs535nic1,330.0,208,0,0,0,0,208
59phgq1j4hsfskn63mgd5nrnmb,16.0,19,19,0,0,0,0
5a8tebqtg7ehm75oojeu75uho6,397.0,252,0,0,0,252,0
5c21arc60f2e89ghcan6ek4rv3,234.0,262,0,0,0,262,0
5ee4b4pb3sfijdhpp5hcdvlctl,100.0,124,0,0,124,0,0
5f7no8vabec3n4d414fgkvsql1,82.0,105,0,0,105,0,0
5hv5h86d5hnph965gtsjskmtu0,150.0,111,111,0,0,0,0
5ke7d1qpke4gbknkauee4runq1,116.0,138,0,138,0,0,0
5kiungtfda52ttssukpf21bhqs,18.0,28,0,28,0,0,0
5n0umenmhi0prg00139sh2111v,61.0,88,0,0,88,0,0
5nbijh1gp9uis7ai7bt3rp6h0n,31.0,22,0,0,0,22,0
5ptb5f621vhkd415d67ae0cokh,46.0,98,0,0,98,0,0
5rj1tnibe9ls6e30nstentpfoh,128.0,96,0,96,0,0,0
5rr9dand0l9k30j3bb7jhskidi,1095.0,2164,2164,0,0,0,0
5t832mbt4eh6u8rj4k6sml78rk,194.0,223,0,223,0,0,0
601c5bov228724sv354hsjijb0,114.0,87,13,74,0,0,0
610qgeukfa2eaqtesji37lfrh7,141.0,108,0,108,0,0,0
62fp2u5etekvin0lrlmmq7ras2,156.0,191,0,0,191,0,0
62q04bbiebmir78qdenosuf5bd,1604.0,816,816,0,0,0,0
64grp6p1ob94ga6d6grls0ocg0,117.0,144,0,0,144,0,0
656v65u3buefq447rk141pj08c,348.0,214,0,214,0,0,0
65gksr107mc8mcoqq7ko7h6as3,30.0,41,41,0,0,0,0
65jksu5rbgasntdo5kcspn140b,321.0,212,212,0,0,0,0
66vt430cgmgpus1k96japf46pf,512.0,326,0,0,326,0,0
68mcd2js4qfa1818b4peqjofl1,0.0,1,0,0,0,1,0
69pb8jcum0600139r70m1aqbrf,382.0,239,0,239,0,0,0
6b9dbucrdeusmi946v4oe5ru7n,290.0,186,0,0,0,0,186
6bgfb172kqce8p3ljrdgfglht5,345.0,223,0,0,0,190,33
6bvij40r8omc5phrrhkh2o7g8v,29.0,60,60,0,0,0,0
6ds21stjan6svv71du7l1ifafd,5.0,11,11,0,0,0,0
6e0vtib8kcudasn4gkb7b52lmi,117.0,91,0,91,0,0,0
6epdcnda98fpecfs85jtpdm8bs,229.0,256,0,256,0,0,0
6erlvu5i411jk2mgv75rv363e7,244.0,269,0,269,0,0,0
6g7u329js521monmac550kdf1k,143.0,177,0,0,177,0,0
6gftqgk6qqkipsecbrvk0mtr5h,177.0,135,135,0,0,0,0
6i6kr6b4j4e7mkn12n3q2vq4ih,54203.0,2633,1431,0,0,1202,0
6lcui4c7j8o108b1hvo672e4f7,0.0,1,0,0,0,0,1
6mihesnd25t81o8q64jlaod935,195.0,223,0,0,223,0,0
6ntd0tthl2oaq1l21tho6bflst,362.0,221,0,221,0,0,0
6ogn97v63ghf0kg1eidoro9533,137.0,168,58,0,110,0,0
6qoppolmcso7602lo56rb0i1iu,129.0,108,0,108,0,0,0
6qtudktna9fih04v7vq9a6q8b4,0.0,1,0,0,0,0,1
6rb2dgd25a6v043offbhmlehl8,312.0,344,344,0,0,0,0
6rm870g54tcodidn4igk93cg9t,1291.0,1296,0,0,0,1296,0
6t1t0stce6afdl4ob3hl152fnj,273.0,306,0,0,0,306,0
6u394qqsput7repda5hc5j6m2f,502.0,324,0,0,0,0,324
6uoqnd2dvamqempceg9ptlc0v1,64.0,97,0,0,97,0,0
708cr8afimpf1psblgnd2tjugn,368.0,234,0,0,0,0,234
7104paf2tksmr2e4k28l2a0g4f,30.0,64,64,0,0,0,0
71fsq0ll4usu4432hcl6r4g6p0,214.0,145,0,0,0,0,145
720ua9gtve32n6s1glmvebjltk,160.0,192,0,0,192,0,0
73jcbd2j5ic2n99vkl17qleu1a,113.0,83,83,0,0,0,0
7428dqv0aoerlt7uj52th5qac2,257.0,159,159,0,0,0,0
74fas23ijrgep58og1ia8giv9r,368.0,237,0,0,0,237,0
75ufmqjcbcd722b8qt9sdvphdi,378.0,258,0,0,0,258,0
76150kjid2p1e830ilbabbocir,1118.0,2466,0,2466,0,0,0
777aid4b8r0bh5do5ujttgh7me,314.0,334,334,0,0,0,0
77ac9gmq9m61tv68pqdpg1holt,168.0,128,128,0,0,0,0
79dekskk8s6nltekcg3hqcsbfi,14.0,37,37,0,0,0,0
7a9emfkn0ri8ntg4k0uotsi07v,58951.0,2652,1319,0,0,0,1333
7amjk40eui04f3oru7ovm5jhu0,1051.0,532,0,0,532,0,0
7babhjgm6kamr41o51smo0enra,564.0,353,0,0,0,0,353
7d804ketrrcjbcq99t5lfc1fsl,5.0,12,12,0,0,0,0
7dg3853c6l0blec3okri7u3299,26.0,59,59,0,0,0,0
7e7nf7k4fcjagt3nasaihu4scq,32.0,52,0,0,52,0,0
7el564n2rvpqj7hl5gn3b8uk8j,285.0,210,0,0,0,210,0
7f2bg9n48opuf4ligvtc1dsopr,334.0,228,0,0,0,228,0
7fk29hdm43m3g5jcsn40ilqq72,208.0,172,172,0,0,0,0
7gce60ae3b26e071uuothvl8ov,492.0,302,302,0,0,0,0
7ijkbba54hddp8bflnqkq3ttkv,133.0,159,0,0,159,0,0
7iqofp00r9lg7coi2l06ripgic,377.0,242,0,0,0,242,0
7jbhkuigmbeo5m7ei6h4eefrmk,192.0,143,143,0,0,0,0
7jtk8r1ak181fhbf582hjhvbdq,119.0,151,0,0,151,0,0
7kngo9h919lcnfm73ip8dkdb2o,801.0,808,0,0,0,0,808
7njpagdcao6g5djp50o4pagroc,57.0,77,0,0,77,0,0
7nobos194e12uk0c7gi4e04c25,63.0,75,75,0,0,0,0
7onurvslijk8fm97iohvhcoq52,91.0,118,118,0,0,0,0
7pud1e7uibqa7cove5uuolsd6e,30.0,35,0,0,35,0,0
7r2rm6dnna7k51md8e5m4ufpgs,559.0,588,588,0,0,0,0
7rgj8vp869l5hv128476ipugq0,147.0,169,169,0,0,0,0
7s2ruv2tf2bpptvc3g6ujkpsbr,155.0,193,0,0,193,0,0
7sov66c85ju4dba6tlq2svq2cn,322.0,212,0,0,0,212,0
7t04jne512skpddsh6v4p3k3th,419.0,456,456,0,0,0,0
7viehtkjnmi6q1dque68cpudao,219.0,151,151,0,0,0,0
820l2cbf9vie0l802j6kaufmki,104.0,88,88,0,0,0,0
83okvnom28kpisse1fr9h2i6hk,157.0,184,0,0,184,0,0
84krefftcpohr12qe014h5agg4,143.0,108,0,108,0,0,0
84orvi6aecg0lm1spno79lgb65,397.0,256,0,0,0,0,256
84q2klr0foifmc69684fjvafqa,202.0,162,162,0,0,0,0
880j5rsogs8l7oi3cn1i75bevn,479.0,302,0,0,0,0,302
88j94n7gilr6j67l1e7rvb1kma,256.0,169,0,0,0,0,169
89vshcu5jgp79ebb68f7jjkqc5,1489.0,4433,0,0,0,4433,0
8c91pr6as5t1m4labd9cask130,12.0,18,0,0,18,0,0
8cb1ubgg1ej1ggamv29nhq36f0,131.0,98,0,98,0,0,0
8forhp13m9505blrakpubb02r5,402.0,254,0,0,0,0,254
8h83euesdq85f0shmjm34alpln,325.0,224,0,0,0,224,0
8hj8u6nem85dat2rjgu8v7urhl,307.0,334,0,0,0,334,0
8ikvavmgf5jc51c5goirm6gd5i,246.0,186,0,0,186,0,0
8is1s1cv7tu0c13vcqka04ck8m,5462.0,7777,0,0,7777,0,0
8kvar6qgj9j0r4qj5fcpkr3os4,312.0,337,337,0,0,0,0
8oqno6g9fregnngrc9a87c837b,490.0,308,0,0,0,0,308
8rgi5ent4bhdjhmsndl461qiid,114.0,139,0,0,139,0,0
8sbj7j6lh3n546om3rt30fk64n,70002.0,2159,0,0,0,1094,1065
8srapvmong540puc7nb8gttr9s,422.0,263,263,0,0,0,0
8u4qvgq4v27s61p19tufp3e89i,117.0,138,0,138,0,0,0
8ulhfbi2gtqm0lc3eeuufouv34,169.0,204,0,0,204,0,0
90ik2tbaupftoca4fbfiboo5ck,13.0,21,0,0,21,0,0
91cef4hvkkter0mpdcq2cc9ecu,2.0,9,0,9,0,0,0
9483162ejuaclv2j9gfosa4r5a,1712.0,863,863,0,0,0,0
97hf7ciplt2k54f5j6109nekn0,702380.0,253,55,0,157,0,41
9bvku70nb705599io3hdlhe0g6,664285.0,2195,0,2177,18,0,0
9cau4s7eh4qcl6etgpmfvcrdos,22.0,18,18,0,0,0,0
9cuovso04bhmsmeovv59e513qh,111.0,130,130,0,0,0,0
9d2pb34kuqc935tsagi9jfmotr,141.0,107,0,107,0,0,0
9dsc15b0dug768h29lutm2sklo,324.0,361,361,0,0,0,0
9hdhd3r1imn0bdlevf1s4g2ks4,240.0,160,160,0,0,0,0
9p655jhvg3ttm1ols48nr8d8n0,92.0,75,0,0,0,75,0
9ppkomphkbu1dv8o483g64jqsv,142.0,164,164,0,0,0,0
9ps9ql7hbv7pcbs8mjr50e0rt8,367.0,232,0,0,0,232,0
9pvtp90v03esqdog93a196fpsr,48.0,31,31,0,0,0,0
9sha96b0pmg0a7sknb0nm584ep,155.0,185,0,0,185,0,0
9sohj8hb76hucpg28n02gctf8m,3.0,8,0,0,8,0,0
9u9n60vrj29l7tvlt893mdhi07,221.0,258,0,0,258,0,0
9ucesp41db4848uq9h8of7fcgd,148.0,116,0,0,0,116,0
a1cgh1mg2ljn1lrb41ud03f67i,206.0,234,234,0,0,0,0
a34090clmlpq3indvrjji6j8c0,289.0,192,0,0,0,0,192
a3a1dk266amo3634m4p2tpog6g,29.0,60,60,0,0,0,0
a3novvctivmjtfh19pehjqing5,29.0,63,0,0,0,63,0
a511chc13vi6tde0dr4780cr9n,347.0,216,0,216,0,0,0
a6umhii4ghq2rprh6c082kt10l,128.0,98,0,98,0,0,0
a8duimjme0djns231vj9sjarrg,103.0,65,65,0,0,0,0
a9iq1g2efd77vvh3t2enf44bqt,1654.0,879,879,0,0,0,0
abj6g3lq8sffehp74cediejsmd,10.0,12,12,0,0,0,0
ad9scp2lb57iibuqakamfu5hjg,12250.0,2501,0,0,1655,0,846
adk13b9499iaidviol33qkfpr5,4189.0,2106,0,0,2106,0,0
ahbbi2bs6905fsso0trskkuuo4,4377.0,2200,0,0,2200,0,0
ahpte8dp0s8io8sd28orasfpkj,189.0,211,0,0,0,211,0
aj9b410e48gia1a4u0s5e0on3v,161.0,145,145,0,0,0,0
ajpjcn74cv2ta0boepifbre3pe,200.0,173,0,0,0,173,0
akniekteebr1v6m9uetbh65sha,434.0,468,468,0,0,0,0
alj7kd9jmvubmb2khqu59nl9ho,354.0,390,390,0,0,0,0
and5p55791q2tuvb9das9ssr3f,30.0,36,0,0,36,0,0
ap7lk8nq9ssv9uftnfbf676nop,229.0,262,0,262,0,0,0
aq1vgpqsqkke9um243ql2chuco,10604.0,5311,1169,4142,0,0,0
aqn61ppbjkhm8841j1ofqp0u0a,380.0,254,0,0,0,254,0
as0na0kr8o0gfoe8do6a6cjsfi,340.0,220,220,0,0,0,0
aukl3llmaggljgm2dv21pgl802,316.0,231,231,0,0,0,0
auss0hbmmf507a7eqq1i2ls24f,336.0,368,368,0,0,0,0
av66aadi59rs6j2njfq9ka2ab9,201.0,223,223,0,0,0,0
b29vltsdmop45jv4bjp64gc73o,209.0,151,151,0,0,0,0
b2tqckppgs0lkh4tin04e659js,6376.0,47,19,0,28,0,0
b3avd2j0387kff1fs4hseklo4t,465.0,303,0,0,303,0,0
b5iup8c3aosskl3hm3tmuu4lhi,22.0,63,63,0,0,0,0
b6hfnt250mbc1h2qub8slvg0j4,293.0,319,0,0,0,319,0
b9k26s8r31dauqokj6svvbedc6,366.0,397,0,397,0,0,0
bbli24ej1fcvboee6g2vnfq26j,1.0,7,0,0,7,0,0
bbvicd8c0b0onlrtpspn8slmo3,254.0,285,0,285,0,0,0
bcrlv1ivvsjdhl98i1bu38cdq3,318.0,489,0,489,0,0,0
bdc60f7qbpi1sk4b33k13c7adi,155.0,175,0,175,0,0,0
bdnrcfsa6rd1fuorjjjmi0o20s,425.0,261,261,0,0,0,0
bdsf9dba41deu2j4744onppg6k,330.0,363,0,0,0,363,0
bhgacl77180d93ov5a5fbbau9v,404.0,260,260,0,0,0,0
bj6pjladhtcnsmhgc24o31pif2,27.0,33,0,0,33,0,0
bk67nh5a0hl3v89n2cc6up95ht,114.0,90,0,90,0,0,0
bl68qvemb1fdbu18lst67s7pa5,5202.0,3445,0,3445,0,0,0
bmffbdlnb9nv70j14hil43n3jl,29480.0,12711,3251,7005,0,2455,0
brrlh9tmiodt2ekkjvn7kcsps0,254.0,166,0,166,0,0,0
bthk3e1tfcka1m2l41sqtfpbr0,36.0,66,66,0,0,0,0
c0dk2v6mvdlnfaro53euc4u2dh,103.0,139,0,0,139,0,0
c4icboll633l807dsum9a4jf6f,343.0,377,0,0,0,377,0
c4jthmvc4kk57hh14pugnmmj9j,520.0,322,322,0,0,0,0
c6c2qo9e5n0m9d1708ejkbtt41,156.0,132,0,0,132,0,0
c7rlbj17lequj24elhrere5g13,428.0,265,0,0,265,0,0
c8pak86q4cmlspi7lnj1ked06d,20.0,28,0,0,28,0,0
c9ig849lkl7b7cnikpc1b8vdi7,37.0,45,0,0,0,45,0
caouro53ha6k4ktgr087r3mm3e,442.0,479,0,245,0,234,0
capa6qv5o85v96iqab45773l3v,121.0,147,147,0,0,0,0
cceljn2e7ecb19s42bpvsokrq0,43.0,48,0,0,0,0,48
cecisqp58si6pvi4rmpmptpv4g,377.0,241,0,0,0,241,0
chdnpom18arqc6pe09283f122h,172.0,110,110,0,0,0,0
cj930a7kr4t6e8p778bj4ilhu2,372.0,235,0,0,0,235,0
ck0vis16184tm6572eohin19d2,369.0,227,227,0,0,0,0
ckd9e55t8j4kp0pe110ie8pkn1,115.0,73,73,0,0,0,0
clg8qr4r0tfrp2aoistrcutn2s,1628.0,821,821,0,0,0,0
cmf8pvjupq0vghfst3ciguemms,146.0,105,105,0,0,0,0
cmtn6a23es1vk1v038j2pd0cqa,7128.0,5705,3770,0,1935,0,0
coom33f4pfor5m2sifo3jphip8,581.0,365,0,0,365,0,0
cp0fsmlkqai46gpcgkf8uhel89,214.0,246,246,0,0,0,0
cplv14bimptr0q91k4v96bbjpj,3918.0,3420,0,0,3420,0,0
cpsdqcel0k0qkdbmen6e7naqtk,48.0,71,0,0,71,0,0
cqifhegb8rual6rgoa4kp17cgp,969.0,984,0,0,984,0,0
crv8slnnov42i8mci4ppsrou68,15.0,51,0,0,51,0,0
cs2g8i2bgh2nc7i5eiq23jp9lv,251.0,284,0,0,0,284,0
cs3aihfburr5c7u1gvh6hho6qi,357.0,234,0,0,0,234,0
ct6bddia53ch2jdj6ohppojv6k,62.0,56,56,0,0,0,0
ctv63c2o1vk1lmv4ne945ice99,15.0,42,0,0,42,0,0
cuopc1ldihiqtmik2jg0e8is86,188.0,222,0,0,222,0,0
cupcde8stlaqucrpahgnsiv0b2,381.0,271,0,0,0,271,0
d0fqf9div7sivpkmojq2vkl5rj,1360.0,1388,0,0,0,1388,0
d2gu953a647hob8hnceg6kh73b,500.0,20,0,20,0,0,0
d2kr30adn4nnke33ank1mejhat,102.0,62,62,0,0,0,0
d30cg3kv9lg5tfrldsqj031l1k,217.0,254,254,0,0,0,0
d46m49a9l5vmcfitmoov0nnifn,172.0,193,0,0,0,193,0
d56qe8tlbmju1frcr1t6l1flja,1108.0,1208,0,0,0,1208,0
d5rks36vj7pirvrp0qp1ferae2,32.0,25,25,0,0,0,0
d5srkhubf3bpjjqoo5j9r7vbbi,155.0,84,84,0,0,0,0
d6ouj448p4o7p49lstgcp3uqi6,6552.0,3283,0,0,3283,0,0
d6pjskm59p8eml8i5sl3ui4qfp,124.0,92,0,92,0,0,0
d7em9di62egju3ahonmu647oeh,375.0,410,0,0,0,410,0
d7ourvq3bntmee5hjnv5it7v7f,128.0,160,0,0,160,0,0
d8b1l12au9le8la2r9g56rbqjk,50.0,36,36,0,0,0,0
dathp4f9v59rcb8gv8qr01htqg,940.0,2608,0,0,2608,0,0
db1eh088lv5ga1nen3ikagrlld,106.0,133,0,0,133,0,0
dbn8q2b8536v57emen9grsk56f,14.0,17,17,0,0,0,0
de7gpp1pje9dbdb5d32fnr7v9t,165.0,189,0,189,0,0,0
dft8qvdauujqen81pdjev9po2o,1223.0,1326,0,0,1326,0,0
dhn1bd8uiaa3qnajsd3vg6kgc3,214.0,246,0,0,246,0,0
djtvhvvtqtj6v5ganfrvre7094,254.0,279,279,0,0,0,0
dne20ji4gjh7i5k19nueps0biu,102.0,134,134,0,0,0,0
dp87e0dcv2hm9opt9qqkjugi92,17.0,26,0,0,0,0,26
dplgo3sid3ccoh1p28kt7oal82,25.0,54,54,0,0,0,0
dpmpsl8ejt2b9e49o7ulf939f7,324.0,351,0,0,0,351,0
dpo8vpnhg6ca53pj9di78t9513,263.0,171,171,0,0,0,0
dpt66d4mu55mfh94hban355h18,77.0,111,0,0,111,0,0
dr09rk5eagjuu87gedvdqmq3gl,253.0,184,0,184,0,0,0
drqump4j37osof75tituohlhtk,372.0,233,0,0,0,0,233
dtm7bbi1ss4amp6ted7imor964,32.0,65,0,65,0,0,0
dtovhiq1irov1bbn82d6uaqjkr,372.0,250,0,0,0,250,0
dtte64c3b0pc9n7nr1nm179kt1,8.0,11,0,0,11,0,0
dufvrtn3u77g2pc3hc6to751ld,318.0,355,355,0,0,0,0
e0d54kstbj2pvv6qvr976476op,370.0,241,0,0,0,241,0
e6gudnuuemb1m5k727006diuuq,32.0,65,0,0,0,65,0
e7i1hudnqbm6kqnah699qbek4m,25.0,34,34,0,0,0,0
e8jmubonei35n62lcbcj9h2t8f,4536.0,4535,0,4535,0,0,0
ea6o9mrlbajljrpf2s0rgb58g2,114.0,148,0,0,148,0,0
eaco6jibk68tptehc26jin808r,206.0,229,229,0,0,0,0
eb755astnc2v6cch658lgfrhfh,288.0,219,0,0,0,219,0
ebas262pt4detu2qrnao3ms6g3,31.0,52,0,0,52,0,0
ebnjc41jpisf779951hm4okh7p,188.0,130,130,0,0,0,0
edeshbkv1db1cllm5gipdkkklo,304.0,333,333,0,0,0,0
edf3nbd2agsd9js7ursttbmnls,158.0,114,0,0,0,114,0
ee08lt86nhiiffr0pmc5b127tt,282.0,193,0,0,0,0,193
eea0f7tis6b1ofoe8gqcs1nb54,32.0,65,0,0,0,65,0
efv4a0sofko479l05cmopqs3ml,182.0,202,0,202,0,0,0
ei15k59g1d79phsjoos1i12d30,345.0,233,0,0,0,233,0
ekgb1bqqcjo0i087koh3cqo2nr,449.0,486,0,486,0,0,0
elrsng5u5rasfrr7j91ad8dmgl,79.0,102,0,0,102,0,0
eoj0v25cg7p78ojpr26s9tea94,216.0,166,166,0,0,0,0
eojfrtvrp3d9tbsv570shra6ck,390.0,422,0,0,0,422,0
epkng315sbnblftuspjvd4sbbj,49.0,100,0,0,100,0,0
ermoth088r1kr5d5d3cqjlalqa,4.0,10,0,0,10,0,0
etn6pa3m0ge0k9arhbqbk697bp,4.0,9,9,0,0,0,0
etqkn9r76ak4hsapgckaq1hhvm,49.0,102,0,0,102,0,0
euj4q1fvb0h7sgca0ngnkb88gs,194.0,150,150,0,0,0,0
ev7egii8jia9kq6jfcvp3ccego,143.0,178,0,0,178,0,0
f0prqiag90373knljtlksmsp9g,218.0,248,0,0,0,248,0
f76c77gidobkhj3onqhf4s3n4d,33.0,65,65,0,0,0,0
f8mmn03rdoojfjb50ma70ii8pg,1196.0,1195,0,1195,0,0,0
f8vvptugepi32i09gotgtjb50d,0.0,1,0,1,0,0,0
f9gd6pgmkcgvpb3lfnmr1rp86k,88.0,117,117,0,0,0,0
fas9mgeiptj5suoafcgt3cb6a6,93.0,127,0,0,127,0,0
fbg765mj84vj3htic0b4dq1n3r,61.0,89,0,0,89,0,0
fc5gps8fqlfqk15jevt6s2jf9n,55.0,81,0,0,81,0,0
fhiu23ij9g1dlfl0rrq5vr8ofa,274.0,180,0,0,0,0,180
fhob1hm9t3bm6ea9fm9fppec77,6106.0,2494,2494,0,0,0,0
fnfnrgeld9b5gltnk0l910b7hp,143.0,108,0,108,0,0,0
fo6m1rcfdn34q1l8ch8h5tpn9l,141.0,165,165,0,0,0,0
foe78l2si3v0pbi9u3v9nhrgq3,105.0,127,0,0,127,0,0
fqf1qhnskah73laqhn8vaf3rfm,20.0,53,53,0,0,0,0
frtjedek895v147inuk52afh9v,0.0,1,0,0,0,0,1
fsjvbae9a6rr1ka25ldsvbdtuu,192.0,143,143,0,0,0,0
fsnt8h9aa411ltni8e4ang4vhs,114.0,137,0,0,137,0,0
ft8u3nl9jdblj7li54daecevaq,163.0,184,0,184,0,0,0
funl6b42rjdgtlcmoviv6alomi,215.0,236,0,236,0,0,0
g0tasn4quqqhmjj1cvsj5skoif,85425.0,2638,0,0,2638,0,0
g150gc5ebqqebuj9u1rmjmdkg5,131.0,168,0,0,168,0,0
g2gh9qmk9krld14h5uojlg7g10,336.0,212,0,0,212,0,0
g6c743l75fivr6eeqb8lgi5u41,130.0,152,0,152,0,0,0
g6qvdvs8dvcr93euju3r3u2clg,76.0,78,78,0,0,0,0
g78cgc2minsta2tcg6hq9dvdg2,282.0,190,0,0,0,0,190
g7hkch1qhb40st6ahs0koe4cml,358.0,237,0,0,0,237,0
g7q3oi1lvdqbljh6ili0al2co9,252.0,277,277,0,0,0,0
g7v2e1jd1n4d06b3o6d72eckh1,261.0,297,0,0,297,0,0
gdgkjv2q26qm9bla312nld988n,14.0,15,0,0,15,0,0
ge787tj6erl5q3dnclfvdsqkbd,8.0,25,0,0,25,0,0
gfdhriv71s2e4co6clm2sf5cbf,134.0,173,0,0,173,0,0
ggik7ranc9tpounf2576ulu1pf,64.0,39,0,0,0,39,0
ggkoae2me51q02ro3ren47rs9n,200.0,230,0,0,230,0,0
gh1545klvvn6sdmmv8ntfjtpsj,62.0,82,0,0,82,0,0
gh9s7753br49h4c8g669fucshp,274.0,188,0,0,0,188,0
gk81vt5nc7jnrd0nvgf7shli3f,466.0,307,0,0,0,307,0
gn2klnvoilbfoihm2s1juh2ij2,980.0,4349,0,0,4349,0,0
gpdgqpd8hjc63a5ebcn2qrdf06,467.0,292,0,0,0,0,292
gq715ms79515gcq39vf91mli6t,225.0,309,0,309,0,0,0
gqcjo921gf4ddu9u486h8t2f5l,9.0,28,0,0,28,0,0
grbvlqd7u4foh99hguga49f0fg,152.0,177,0,0,177,0,0
gsd3nedjgf2f0bmitnttcsi2er,82.0,48,48,0,0,0,0
gsflh76i02fd9bk92ifa8jnc7b,6.0,20,0,0,20,0,0
gsqncecv3qqfj2rqj1tji3j4d9,10.0,12,12,0,0,0,0
gt6ccjle54o9oqntbbt3vci5pa,1150.0,1196,1196,0,0,0,0
h2jo3uq1om8vp81nopaa17kegu,240.0,274,274,0,0,0,0
h2jq34f4g7icu2s7h4lgd6btj3,343.0,378,378,0,0,0,0
h6kek9u7g8sjqhdu2jr9fg6s5h,936.0,2534,0,2534,0,0,0
h9gaeo351pqnmpu055ot9s5mtd,94.0,93,93,0,0,0,0
h9iog4f2a26totqf6smndci6bs,3.0,4,0,0,4,0,0
hahdsuj7fgsont1nmi7neiljo3,30.0,63,63,0,0,0,0
hctlni7i4rclegm7bs6afhs16h,133.0,156,0,0,156,0,0
he1pltpfa23hqun31ciub3ksmo,171.0,193,0,193,0,0,0
heooocaj90nj4usab96vr0t8bo,114.0,128,128,0,0,0,0
hjagioo7ckqbdrl0ssivbte57q,372.0,244,0,0,0,244,0
hkarq9tbvs7j14u8v4bcj814tk,8.0,20,0,0,20,0,0
hq306mp6dvnclg7plqla9a8oe1,103.0,129,0,129,0,0,0
hr9t5fv365o0t7f26ilhe2rc8j,152.0,182,0,0,182,0,0
hrbko2t4t14q3pahqltndlolb5,304.0,222,0,222,0,0,0
hretqun6idgv9pbr91ufn8pge6,314.0,216,0,0,0,216,0
hs62n8oguaemh0k12m9434sr20,381.0,247,247,0,0,0,0
htodnmm7tjpihgeuqk64c0gjes,316.0,218,0,218,0,0,0
hujnm9166tof0hmoeid55a996n,294.0,187,0,0,0,187,0
hv911a12gbfif0squf2mli3oe1,5283.0,2668,0,0,2668,0,0
hvtn2cbbipcjc88sjuuq7k0br2,144.0,114,114,0,0,0,0
i1amp3mrqeufq0clj26kn6kco6,113.0,93,0,93,0,0,0
i2q4kdikj02dm9lvavtkaestg2,121.0,145,0,145,0,0,0
i48q4ssfv5tk615amqb3ikphql,103.0,135,0,0,135,0,0
i49goovgc8d214dbipv8o6504l,417.0,272,0,0,272,0,0
i4bgdstv07o3mdh655ohgqssin,60.0,81,0,0,81,0,0
i54vr6i7vikgq6kp7o8prcchip,46.0,72,0,0,72,0,0
i56202ejgd4kmohsll917rfkpd,127.0,151,0,0,151,0,0
i6io829o6v8o8r5bo6tgoc903p,6947.0,3263,0,0,3263,0,0
i7kmtdu6no2thkq8drg4r2ilie,40.0,45,0,0,0,45,0
i88813la3hv9tvhl0np861dtfa,3.0,10,0,0,10,0,0
ia9s4av1gau9r2e17bi4kdpr2m,71.0,99,0,0,99,0,0
iae9nd0n4lmdfntp4ib72dt4fh,322.0,201,0,201,0,0,0
ibf972u5q4vlvvev54goetuber,906.0,992,0,992,0,0,0
icjl2m9q6satjga38pfqqnmjl8,204.0,146,0,146,0,0,0
ietvvqnp1uipfkgc8kgd09ujb6,27.0,58,0,0,58,0,0
if6sd7i56fpr2k4fcu22hcpjin,172.0,198,198,0,0,0,0
igbeqcjnbst8afmoi4sg6tn669,269.0,188,0,0,188,0,0
igirlpfg3oft6i3dl8ah549gqi,528.0,319,0,0,319,0,0
ih6epc7qm8aubllr3d4dhctqso,336.0,226,0,0,0,226,0
ii4dosupqt4958ru71845a0hso,126.0,154,0,0,154,0,0
iisk9j1h1c6o2etcrctuohltt9,354.0,235,0,0,0,58,177
ik3l1becqi206cta488uu7c7m7,35.0,65,65,0,0,0,0
ikchggsmhgkjur8n2t4f0c75uh,960.0,987,0,0,987,0,0
ikrmivc56op6locohdc2shs3v3,206.0,235,235,0,0,0,0
ikrs0ssfifs59f9mlcq9a8qj2n,351.0,228,0,0,0,228,0
imgld2d8lq8ugjvfur481ofr2n,181.0,141,0,141,0,0,0
iq6lsdg74fvqm528shi8kb7e1d,9.0,13,0,0,0,13,0
iqn8hsc70v29r5815sv642aeh0,341.0,226,0,0,0,226,0
isiekn2h40prbuarp6bmi4tui3,422.0,278,0,0,0,278,0
itltb3mfbii9h9ikttfqkc3ca2,15.0,26,0,0,0,0,26
iugft3rvfcldeefq4dfbl6vko6,181.0,212,0,0,212,0,0
j09afvs25gdij4vebr11kt9gpr,238.0,156,156,0,0,0,0
j0ltf13ceqtklcioguthcuj0rn,1584.0,799,799,0,0,0,0
j1bgobvbjbfckjsi7uau5tfp1s,373.0,239,0,0,0,239,0
j2q3t0kjsajvculauug5s903cd,130.0,98,98,0,0,0,0
j305v6gg71vcjp9cjdgf7bvnnq,165.0,196,0,0,196,0,0
j5q0rc8234mif6jlcbff7tmhsk,156.0,184,0,0,184,0,0
j732r4nonn5d5q37e9u2g9hr11,265.0,203,0,203,0,0,0
j8e0t5t4nnr92fupp8rh18ihkq,1371.0,1415,0,0,1415,0,0
j9b7c6ilojfpbhl0nbti3cqfi1,334.0,217,0,0,0,217,0
j9cljd6f2f9lmo7ce5uht8pdpt,491.0,307,307,0,0,0,0
jbgvn29afrbe34d1tjjmkovmvo,35.0,65,0,65,0,0,0
jdvmnfhtlr1rrga9g4148mr16s,134.0,158,0,0,0,158,0
jem57j0s9bisf3rankqdkqq10i,54.0,98,0,0,98,0,0
jepk2lqaj5t5jitmkmpdjqbcsq,383.0,414,0,0,0,414,0
jf8u319v8fe7pqp2vflu4nlj40,173.0,197,0,0,197,0,0
jfmilo33fin84baeh3k6bcnh3v,181.0,148,148,0,0,0,0
jgud4pu6klbeel0e9nn551i9ib,480.0,517,0,517,0,0,0
jh9bs45mauu7v1mfl3et8i77hk,199.0,226,226,0,0,0,0
jij3srivs9gtodv0tcv3rim8dt,6209.0,3152,0,0,0,3152,0
jij714b81gib6j0edvr6qv9u8n,142.0,100,0,100,0,0,0
jimd0j115fjodk0qn9bp6cmsd0,10.0,12,12,0,0,0,0
jpbeofacs0492d9vi9r726urr7,213.0,249,0,0,249,0,0
jq81oksgh36g25rlv3rmulr6ve,170.0,201,0,0,201,0,0
jql33afvhnt7790b17tvvcn87d,285.0,314,0,314,0,0,0
jrrvothv142fn0a4gg4a18a31i,26.0,20,20,0,0,0,0
js47oan5tk8j0resvhl9qer7lj,97.0,120,0,0,120,0,0
jv0ep8f81ek5v6ofijqjn3cf3h,134.0,171,0,0,171,0,0
k00lp4ik0epelb6b63mbdev8a2,134.0,156,156,0,0,0,0
k0371k7nj5dqmfg9fllmll59sn,126.0,100,100,0,0,0,0
k05ut8rvm798ab7pgnolv2st1f,368.0,238,0,0,0,238,0
k06kjee5sc5bs961fvll13ase1,450.0,290,0,0,0,0,290
k0lmsmgdnlrmttlg6qpnilufp2,593.0,308,308,0,0,0,0
k3p6gqomoabnp2k5malilpec9e,456.0,491,0,0,0,491,0
k43vs9a9svdetkit6uovpb6th1,15.0,12,12,0,0,0,0
k5pg7u2907cb9nk61dd8i15fm2,182.0,257,0,0,0,257,0
k6e6fem4qek1jn58vujbrinfge,136.0,164,0,0,164,0,0
k6p4e7hilkldr6su9hdu6euqi1,4.0,16,0,0,16,0,0
k7q0tctsbbbhju48ql35fipt7b,375.0,246,0,0,0,246,0
kaodsjbnqm7umgfvao63d3rihb,484.0,298,0,0,298,0,0
kcjcrt2p6t6vi19so38e7audcb,351.0,228,0,0,0,228,0
kd4h7t2e50hpl0uv1pdbcsoe4n,196.0,142,142,0,0,0,0
keuiq0cv69c2afrg7rl1ar9dsj,32.0,70,70,0,0,0,0
kfe4jnjpk8sv38uh0cnmnhcglf,397.0,246,0,0,0,0,246
klm20skjqset2im1v8lk31m6hf,5.0,14,0,14,0,0,0
kn4jl5vb5fita9bo6cu1b6jrk8,526.0,315,72,0,243,0,0
koftcfkosigp4f2ibgfi0dm0co,1610.0,4193,0,1462,0,2731,0
kpedbnklnbmle61jm27kmfnkoh,332.0,213,0,0,0,213,0
kph5igjl88pqeoa3ghjdcsmket,28.0,40,40,0,0,0,0
kq259hljltf8cofepgru4e5nfr,135.0,103,0,103,0,0,0
ksho0o7olvo6iah5gjo6tinp3v,23.0,60,60,0,0,0,0
ktvnpmoa2vkkhe39b466k5717p,12335278.0,754,201,238,109,21,185
kvg5ag8sk3irhtl5dq7p4cl8ue,12.0,48,0,48,0,0,0
kvl5lnj0qae6k8o9spaaalti3e,267.0,164,164,0,0,0,0
l281lufhl0p948rr5o7mq7rhoi,118.0,101,101,0,0,0,0
l2gcmv2s4ov9p8n79g9034jf2j,134.0,166,0,0,166,0,0
l2tls9ukffib96g0uddp9k9c4m,124.0,99,0,99,0,0,0
l37rc0p4ont4j69ossmdekn9re,24.0,19,19,0,0,0,0
lainc2mec0jg4l7ko2itjv1v51,1497.0,755,755,0,0,0,0
lbpk1okd4btot9vqfjpsv2vl9n,68.0,82,82,0,0,0,0
lgm2m88i22v3fuljrkfdpp3h12,263.0,288,288,0,0,0,0
lh1vo5umn4d5igedhgc72ta772,115.0,93,0,93,0,0,0
lh6kl6i9tioe77fp8kgmb1de9m,1560.0,787,0,0,787,0,0
li1citv767lpesc2bt9c1eotbm,353.0,238,0,0,0,238,0
lmg6hik8gag0jugp27h6qpim4e,358.0,232,0,0,0,232,0
ln5iinme0hni1rh2cln76shhm2,2.0,8,8,0,0,0,0
lol3qmnm070bfiec7503joii19,134.0,100,0,100,0,0,0
lq3eurvqctj6th0d4i7fff11hn,22.0,28,28,0,0,0,0
lq8dub264g9l1e0ust78o4q9ui,33.0,64,64,0,0,0,0
lu2vabqtd7mhjirluaij1a6qcg,288.0,180,180,0,0,0,0
lukkp458sudl46nko5815kgut2,149.0,172,0,0,0,172,0
lv5nbfos801glb5c8m79kgon7r,335.0,219,0,0,0,219,0
m01ltdunc7d4tjuh0r8opr8c3k,359.0,215,215,0,0,0,0
m1e1mgb7hbmqovglk2rp4f7en9,162.0,128,128,0,0,0,0
m1rt858554qvald7e7pmrm1d8b,5983.0,3589,3589,0,0,0,0
m2d7pem8vph8npifco3ogcf8on,196.0,135,135,0,0,0,0
m53jq0p03vjq9ggef5fqamii89,173.0,122,122,0,0,0,0
m634porafkebq83n1ncv8fprkj,395.0,256,0,0,0,0,256
m69n9tg4qgmjvgi32kfqrvc7fe,345.0,378,378,0,0,0,0
m7cd9aev6os2phk0sdkse238l5,35.0,61,0,0,61,0,0
m8fe1qtn358dg2b1b6fingti39,67.0,96,0,0,96,0,0
mc9vvj20cc427d1vhl9aah593q,433.0,265,0,265,0,0,0
md58k6ejokrtefaghth7v1ghtu,329.0,360,0,0,0,360,0
mdeo4lt99fosg4pudmlamcf4ng,271.0,302,302,0,0,0,0
mgjd1l76a6rfo7kcfiofk428na,142.0,104,104,0,0,0,0
mgr9t6dlg6ldke41383v0fhq3q,96.0,125,0,0,125,0,0
mj7og8gp23omgkn21akfqrovp8,2.0,12,12,0,0,0,0
mk2oavmggeb3d3t0lsqar5fhts,530.0,316,0,0,316,0,0
mk7jdh4qi5dkquenuvef8qk855,386.0,247,247,0,0,0,0
ml4tnn1lkctli3fofonrj629qm,427.0,266,0,0,266,0,0
ml6u6ltsq0vhdsiqcbqnpbkh5k,1549.0,1564,0,0,1564,0,0
mld2vskicvoo3bvkk0fnjtuv7u,344.0,211,211,0,0,0,0
mlrcehe439iiene6e485tni66i,288.0,204,0,0,204,0,0
mnnl0t00i39d68sebkf3oa05k4,155.0,167,0,0,167,0,0
moqasnr56raoh1gq94vqlngt50,199.0,141,0,0,141,0,0
mpq0pfpkc127m4bti2cp71cqgg,95.0,120,0,0,120,0,0
ms3cf5h8obah9v5aqutt372t1h,67.0,88,0,0,88,0,0
mtilohhtbsshka38svllisk0am,15.0,18,0,0,18,0,0
mu18kf0qp9tuogrbrqj76n5i73,210.0,238,238,0,0,0,0
n1gg8so80f6j2puh8eepovtejl,1640.0,827,827,0,0,0,0
n3iph75f9dp0vk52lig8nk3n1c,454.0,492,0,0,0,492,0
n4sa8kulckaa6rohru1vnq336n,2210.0,2240,0,0,2240,0,0
nb8go732bndmpst34i2vb63ddt,169.0,200,0,0,200,0,0
ncqp9ihc4ljkk0ku3j16ltr1mk,408.0,248,0,0,0,0,248
ned2e4odat4grp3hljtn1dv74t,32.0,33,0,0,33,0,0
nidpf2p3dre08hrms80l6s4r07,377.0,248,0,0,0,248,0
nkoa2dl20gbqn2vrse8rol2vr6,184.0,137,137,0,0,0,0
nojpme777coksiq64cb8142cij,162.0,192,0,0,192,0,0
ntq39vmdijl66047lvvr8qeuh8,123.0,106,106,0,0,0,0
nvmlnfhs5v6hehsd81e9mf75cn,298.0,199,0,199,0,0,0
o1592k96pcf168anr3cahqlmo5,2.0,8,8,0,0,0,0
o2dutldgeigipiq4cd4t69mgr7,581.0,347,0,0,347,0,0
o6uujmtvvdkacotcvuq6726pmi,70.0,106,0,0,106,0,0
oefj652iolkub646m3bu8p1fq1,117.0,136,0,0,136,0,0
of88tio3m86e4l7568su0i4ui5,1029.0,1041,0,0,1041,0,0
off3tpqvmr2v6sndat4d5v6p28,158.0,184,184,0,0,0,0
ofq2s5jou43oeoe4g0ug7lagth,12.0,17,0,0,17,0,0
ogi1pgmr0qumtrcff44ioga1be,4.0,9,9,0,0,0,0
ognvhdn35j9b11cnclf6ej5gsj,290.0,206,206,0,0,0,0
oi1lr6ejccf45a4uel0npm9fv4,351.0,225,0,0,0,225,0
omr3d5pcem5dvhkq4mofqi95p9,28.0,61,61,0,0,0,0
oofgc9mb4le54lelfes0lkg7pa,137.0,169,0,0,169,0,0
ooi399crjvu4fv4q02i1gk2pld,107.0,130,0,0,130,0,0
opvneus7go8e778gr48obumad4,14.0,18,0,0,18,0,0
oq11t11ns4t2gj9cdnl10da80s,16230.0,3963,0,0,2325,0,1638
os9be9s5er1ud8569gm26htp0j,158.0,125,125,0,0,0,0
p23n9e7fgc16bbf1s0l2dvbjb6,380.0,243,0,0,0,243,0
p3ouvh8qhvglps9kgn737mr3q4,0.0,1,0,0,0,1,0
p5keafiscisucgq2tut00s0s7l,888.0,912,0,0,912,0,0
p7g6ccuqqfum0pbfk5q82nhnam,1505.0,1568,0,0,1568,0,0
p8dfknpol8hhhn8a1m7nma4o71,48.0,96,0,0,96,0,0
p9rb949jj3aci28mne75opl41i,210.0,158,0,0,0,158,0
pac95vjmfd9ppc377csnrt8f3a,524.0,322,0,0,0,0,322
par53k0fasa7h2uflvqs9dph26,24.0,23,23,0,0,0,0
pbml0l0h4revrv7buomn2r48pi,349.0,384,0,0,0,384,0
pccj98vh9qtplf14oejps74daf,154.0,112,0,112,0,0,0
pf7tnis955pq27n6sibk32d87k,330.0,204,204,0,0,0,0
pfp1r64gufu52bgl6cddpio0a2,96.0,121,0,0,121,0,0
pg2b3a3g23i6na799pq3h8ek1h,11.0,19,0,0,19,0,0
pgnhcqhsrjq593qi64f3e1mdju,88.0,114,0,0,114,0,0
pjh2clpmj98l7mlou0rsernk9u,165.0,115,0,115,0,0,0
pk9p4i56cb118chl5f5n65had1,517916.0,3647,0,0,3647,0,0
plqae11g5bqqbslgcol5optt17,125.0,144,0,0,144,0,0
pmb5bepkpun1v95n8rveof9ee0,530.0,323,323,0,0,0,0
pmta0v6c1d9aglgmlf60cljj9h,32.0,18,0,18,0,0,0
psf00pb83ao7pp4jtgtisddl9u,4.0,16,0,0,16,0,0
pu045tt0313p6t1k6g78ggjop3,121.0,142,0,142,0,0,0
pu2qjl34067dmgmfehqhsdo88h,222.0,246,0,246,0,0,0
pv89k1oprp9a4c01v0u2po4sab,187.0,214,0,0,214,0,0
pvkqfvdopap7c1e9hrdeakkq8u,292.0,187,187,0,0,0,0
q1o0qkqsoj68iu46sk9t89a8uu,14.0,33,0,0,33,0,0
q2kp94bt0rcv9b356cqsc3jca3,27.0,25,25,0,0,0,0
q65jm6jihcr4i61hice7tl7qcb,144.0,107,0,107,0,0,0
q7784rh4612si6454op6l8u8vq,367.0,227,0,0,0,227,0
q7cncf2c9icjrtpuhsf896j3u7,132.0,159,0,159,0,0,0
q80o426gl01opbf2ve05c36c4u,303.0,225,0,225,0,0,0
q8ljo3ek8k2ll6p1h4n2a6ephn,265.0,289,289,0,0,0,0
q8qrhifod86c8nf2n9t6uqsr0p,550.0,337,0,0,0,0,337
q9ebqjoa4ni6shhp702u8eg2v2,6719.0,1240,60,0,1180,0,0
qb9nte3m02m5iennt4e7mg7caf,282.0,205,205,0,0,0,0
qce4mdhafthbeeljaia46hie8o,164.0,185,0,185,0,0,0
qd5flhhi6gq7bf2qvjj8jkc2fo,29.0,58,0,0,58,0,0
qdnoqn2ulpp7staf7u1pfv4g49,102.0,130,130,0,0,0,0
qe370ks533bvqh8n9ra33968bn,196.0,155,155,0,0,0,0
qekb8l6o5qq9214i0vlpi5cmti,119.0,158,0,0,158,0,0
qg5jilensjo45f7koo4cvrouqn,163.0,154,154,0,0,0,0
qin480b2uihek2qocc135j70fs,120.0,156,0,0,156,0,0
qlgu4hfptc004osevv48p07oj3,381.0,241,241,0,0,0,0
qqvn22bkui88d086v1pnp37cus,361.0,230,230,0,0,0,0
qtahmnoset660c0ekqkrhvhmvm,306.0,201,0,0,0,0,201
qur2rjfuop46r89eoifcj6onod,7.0,10,10,0,0,0,0
qv00vt6spg157dg8ro7cbt2p43,347.0,386,386,0,0,0,0
r0e98rtqr6192k5b8gl4ndlmha,183.0,141,0,0,141,0,0
r3c01sgu9adcjlda1lsbfpce49,311.0,202,0,0,0,0,202
r4qbc8d0f23m1oi2jeplnl7k3q,103.0,93,93,0,0,0,0
r8d9u4g82re29ptdde19fpp4v8,520.0,320,0,0,0,0,320
r923k2otqno88m0de8d9bharc2,0.0,1,0,0,1,0,0
r986sph7484e1vvord75e81q6f,382.0,243,0,0,0,243,0
r9uf7f3fpiekosg8m33hcuqt79,376.0,239,0,0,0,239,0
rdhrcgmo18lq0vr3m840ddgo21,450.0,287,0,0,0,0,287
rdrkop6n2o5qgtbpm4o4as05mu,96.0,82,82,0,0,0,0
rfvugmk87jtlaiilouut5sdm32,472.0,284,0,0,0,284,0
rg3bmjunhcksnch3utt3ruedvi,55.0,77,77,0,0,0,0
rgt513e3eh2uoq34fvpvo50pf6,211.0,245,0,0,245,0,0
rh5fn2njcglhb2avkv30id017u,1038.0,1107,414,0,693,0,0
rn9ua6kjssv61di6cud5a4uk9n,347.0,225,0,0,0,225,0
rpfu606etvajji75o9a62sr0go,4.0,9,9,0,0,0,0
rr07fpg8dl1ha6d8g8c99pd4kk,59.0,78,0,0,78,0,0
rr5dmh22u1a45um5tc0n8m20kd,28.0,34,0,0,34,0,0
rrfi384f5fj7qouphcasrdgitg,8.0,11,11,0,0,0,0
rs3pm69ahuvtr55nh39d8t9m0q,308.0,335,0,335,0,0,0
rtp18qghc0uf5qimp6rfthq3jl,105.0,141,0,0,141,0,0
rub9gsleatju654rbt8qfihpjo,44.0,63,0,0,63,0,0
s07af6jn35uipvfnkj6hpglsl9,200.0,131,131,0,0,0,0
s1ebp3qssmm2tkn9pnp66tjom1,1148.0,1206,1206,0,0,0,0
s22ulplav9a7svordh7cc4olt7,216.0,169,169,0,0,0,0
s4itu9pg46e3pnb700mqbqetra,135.0,103,0,103,0,0,0
s558jfek7a33mgjkn9c8bkgjeb,300.0,334,0,334,0,0,0
s6ue7sbdb5bphs1phjhtu44abk,341.0,225,0,0,0,225,0
s74076j0vtua7ct0fkej7ehmt8,309.0,193,0,136,0,57,0
s81eaolu1qk6vckv5vvgqbg4se,350.0,228,0,0,0,0,228
sbrmmsorp8ijmhg8ai8r6ri49n,42.0,65,0,0,65,0,0
scep2a1a2l1tjoc5dqlche5mqq,121.0,93,93,0,0,0,0
sd8qtd5qblkhbiq3el51h7p58q,186.0,152,152,0,0,0,0
sdum2h47k57i17al0j3cuv6fhu,30.0,59,0,0,59,0,0
se6tdqu752aqh6e17t75jvilqu,142.0,106,0,106,0,0,0
seh4sf3qbn4bj0c6bcnjnpc1gm,233.0,252,252,0,0,0,0
sejrttfd3065bs0v3qgta1ue88,298.0,183,0,0,0,0,183
sfedmcunjsggu1piohh2a02a81,23.0,49,0,49,0,0,0
sfhla3ba8au3uncr3k687c8e55,7961.0,1808,0,0,1808,0,0
sh20917n2lp4h8hsm2a5t6vuqa,512.0,325,0,0,0,325,0
sh4mk6br2rlo4al4edpaq3inoa,205.0,228,0,0,0,228,0
si7usj6t28v0ftdul1j99j5g8t,122.0,156,0,0,156,0,0
sj9tpi8eghe206ohaffcht92h4,146.0,107,0,107,0,0,0
sjfvagsre8ji4h8upib9o466et,4.0,16,0,0,16,0,0
sjr20ddno9sftolk2ofmqoskmf,268.0,181,181,0,0,0,0
smjle8311adgengdcgqfh70ua0,165.0,121,121,0,0,0,0
snh8o5pkj60d0kp1hjeqm1hu15,53.0,76,0,0,76,0,0
sntut89u165hiclvp7dkplmlcf,408.0,256,0,0,0,0,256
sopfl84p8tedp3pg82595v3um8,1620.0,817,817,0,0,0,0
spilsj4hrtrhrga78ml3kr26la,51.0,37,37,0,0,0,0
sq4m5q447bh71ls0guhpua2vmr,116.0,88,88,0,0,0,0
sq6gghu3613fgq6t6h9bcr80ie,195.0,137,137,0,0,0,0
sqgp91m7bngarqqihg69v490e7,372.0,410,0,410,0,0,0
ss0e28413uif2hd88q186t7tj8,441.0,284,0,0,284,0,0
stmp56sl899fs8ev99pk7nfuvv,194.0,217,0,0,0,217,0
stufhiktcb2o7spcg4sc1ufi82,50.0,84,0,0,84,0,0
surtd19ghcuqlnb15f3cgikoq6,207.0,233,0,0,0,233,0
t1eo5hqdtq21m7t0gulu2henl0,234.0,177,0,0,0,177,0
t1f1vpoq5bviuguflv3c7r1m1i,161.0,112,0,112,0,0,0
t28k90eo6l3k3idcdvulqnj5v4,105971.0,1078,7,0,1071,0,0
t2f4beuendeiprugkeoks17kqv,359.0,235,0,0,0,235,0
t3so1hoe1lgdsm1b18pml4ou67,47.0,97,0,0,97,0,0
t5at6e9e2rorsq2b02760ceoku,54.0,38,38,0,0,0,0
t6h2nm44688se8cf4c0934l6qb,85.0,116,0,0,116,0,0
t7573jdbiaqinp6il8lj4cmq0o,272.0,293,0,293,0,0,0
t8f9bu34vogoj5kisdk61hp83n,51.0,87,87,0,0,0,0
t8r8i1gfvjj6vtbe2q8nala94c,12.0,13,0,0,0,13,0
t9k1lcjubt6b04dv3uus8ili4j,442.0,481,0,481,0,0,0
t9ndgsaousi17rpa3gktms4fsr,432.0,278,0,0,0,0,278
tccmnubp332iu6jflr59suno5t,150.0,184,0,0,184,0,0
tdm49rlqprtglqndl74j4cekj0,304.0,193,193,0,0,0,0
tes9ba915l9f7e3i12vdgj7bte,209.0,151,151,0,0,0,0
tfqlrm6knitedm4alt4c0cuvr0,406.0,436,436,0,0,0,0
tgjeh5ae9h3v4vmds3oemkq48n,181.0,128,128,0,0,0,0
tl2je8q2l4malkodn4inhd4n5o,106.0,129,0,0,129,0,0
tloh2a4t9e4njmje1hid5gjgsa,24.0,27,0,0,27,0,0
toak9a9cb4mgdutepbj0qbvt37,345.0,227,0,0,0,0,227
toev2ckdu2lej3tduq92vrkjdt,4.0,16,0,0,16,0,0
tpopok2jdsm81rbm3ar7pkj1ak,133.0,99,0,99,0,0,0
tppc7d6niqt6vkt489cphu55dp,128.0,161,0,0,161,0,0
tqrlpkilcautmkh72gt9vnonhk,704.0,359,359,0,0,0,0
tr49as2b6usmesqvnee1l25rpk,10.0,12,12,0,0,0,0
tr5fbeta11pirki760fvndcfmb,211.0,152,152,0,0,0,0
trga4mrvjvogdgoi9vrqkmi92j,356.0,223,223,0,0,0,0
ts4gvk541fole1uj2sd38kqpcm,113.0,138,0,0,138,0,0
tuj638u2p0m3kosnv3mubq7r1f,372.0,235,0,0,0,235,0
u1t0tjb9v5dna5vbatsn8upbbo,65.0,86,0,0,86,0,0
u4hgvjvkej7fj006vikof3a2vb,262.0,290,0,290,0,0,0
u50bckimf1irqshqir6leujcd7,334.0,223,0,0,0,223,0
u5co8igfher6a7v5gvrg14nrcf,51.0,80,0,0,80,0,0
u6rj19l797n5lnvk6qlunbmp8a,976.0,1064,1064,0,0,0,0
u7p3p3putpsnn54hsbc6okq3vg,390.0,247,0,0,0,0,247
u86k3ilcujog70qt5k0vvllhge,251.0,283,0,283,0,0,0
u89p7qigo3rvvgm0vgs06hk8sc,53.0,84,84,0,0,0,0
u8qol5a9jgqhlmucgtu8a6sd55,353.0,233,0,0,0,233,0
u8t6obfjabd8m1ee8fmpvphsc0,102.0,133,0,0,133,0,0
uahge8n75dd7aguqnt1bs0f8kd,290.0,330,330,0,0,0,0
ucc610tt08foih9ed0u0hl2urh,373.0,407,0,407,0,0,0
udn452le5ogkhjhfsremal3bkk,492.0,304,0,0,0,0,304
ufaj0lbcmqa0l022l9jan5n87l,242.0,187,0,0,0,187,0
ughg8a2grt5bm8pih1b1n40lt5,355.0,229,0,0,0,229,0
uhf23oovvspj8f789efheus9rt,50.0,33,33,0,0,0,0
uk2rt8k37hf4v8sogabdk01tua,235.0,168,168,0,0,0,0
ukusu8ahnf4sr71vcctcjk9qba,337.0,224,0,0,0,224,0
unb2o9renu51sve3i0kqi604th,120.0,98,0,98,0,0,0
uojjl06k7ee9lk3pc48ppaan0a,292.0,175,175,0,0,0,0
upgqfre5gn72uks220ag27idir,0.0,1,0,0,0,1,0
upqaiodm0qui7lh5plpf2rsgfc,77.0,111,0,0,111,0,0
uqhd4i1019lcou4b0s1l1vdq87,333.0,204,0,0,204,0,0
uu8g3umhdi5aiibsrksskgkiav,92.0,113,0,0,113,0,0
uua1uaccgs16aemnutnhohpp0v,458.0,492,0,0,0,492,0
uum8gb1r189cdke60cacrnonul,128.0,152,0,0,152,0,0
uuptnm17glt6pd240rdeho5ke0,261.0,288,0,0,0,288,0
v1anlmpl7qj59jjbvr9o1cfdga,357.0,236,0,0,0,236,0
v1n897ru2ce8tptap3kb9848q7,65.0,97,0,0,97,0,0
v23rfeffhu8tnkj029mv5angtg,158.0,114,114,0,0,0,0
v3hbnujku5f0bm2mmbjqrr9rg8,553.0,329,329,0,0,0,0
v5tjg81181jr1tj684qa363p41,389.0,248,0,0,0,0,248
v6g56j1moj87j95r7n37hjcjqa,515.0,318,318,0,0,0,0
v771lrk33jh7op61idi1dehaqa,1300.0,26,0,0,26,0,0
v7qok0dv5ekcaoefquadgka6me,300.0,220,0,0,0,220,0
v9jf53j6tf8mfrvn2mnmut46g9,9904.0,1986,0,0,0,1986,0
va6f8jsmvsjbclasd4rb4357qn,132.0,98,0,98,0,0,0
vbkgr0r0pcvu28i2q3ie6lbq9q,33.0,28,28,0,0,0,0
vbmbg6ejpdtf9ttpnd227e416f,6.0,10,10,0,0,0,0
vesce05eka45pdoucmgeitgov9,7.0,19,0,0,19,0,0
vf1geep6fp5v2i7111mp1akod2,204.0,223,223,0,0,0,0
vfbg2ohita6de0m330eua19uqt,128.0,152,0,152,0,0,0
vfjlv1ioacr3n28o6rucf7lkmm,7.0,20,0,0,20,0,0
viq1vmgres2bhnholc4p3a76lh,981.0,1057,1057,0,0,0,0
vk2q8chnhptdkk8o8hnitlfrl4,343.0,235,0,0,0,235,0
vklod2mbntvm2ov1d5fk9834i6,56.0,51,51,0,0,0,0
vllcsfvm4m4b6559eckqpg3mvq,245.0,174,174,0,0,0,0
vmgkfqtair7fq7kqqr6kpqm9st,133.0,169,0,0,169,0,0
vofhhjsbkpj6kc9it95e76nu1a,20469.0,4354,3622,732,0,0,0
vopb1c4o3o2dpsov8jinbbou5h,547.0,348,0,0,348,0,0
vpem37eakuh12eqj9nb99cpk98,311.0,220,0,0,0,220,0
vqdvioip730lq32umqa85ikehl,537.0,335,0,0,0,0,335
vqrt3maidth9lr4df2egocd88g,18.0,37,37,0,0,0,0
vtcjrbtjq57mnai4banl61pd25,638.0,371,129,242,0,0,0
vu3fio88psda005g91fbjona0v,72.0,96,0,0,96,0,0
vuejdbf9g64agugq93tfekha8j,342.0,222,0,0,0,222,0
