Session_ID,time_afternoon,time_evening,time_morning,time_night,time_wee_hours
01o7p78e2bnu1814jn5k4uqke4,1,0,0,0,0
03jt2p4bdru20sjb9me2gco6j4,0,0,1,0,0
0654rvnjhnr0pvsi3qa3e16avo,1,0,0,0,0
06ivkemfgn93qhl5j0vu96rnl4,0,0,1,0,0
071tbv7fsev5d64kb0f9jieor6,0,1,0,0,0
094i85crhkpkhqpi3rl4athrn4,0,0,0,1,0
0d5d2435pbn4mi4gj9spju5gia,0,0,1,0,0
0d9geeoeb756546qnikv1ro4m5,0,0,1,0,0
0erfuds6s7kpisp8j1pphnombt,0,0,1,0,0
0gcm09cd38usjvnjipmqleh0dj,1,0,0,0,0
0ht0u328t4mkgi01sp7mm07e01,1,0,0,0,0
0i5kvpslrq3vb6u8ff2kuejv0v,0,1,0,0,0
0ikgnsdpp5jt1qd7fro2va4oka,0,0,1,0,0
0jfeqj4kpolvb97o2s5ks7l0j4,1,0,0,0,0
0o21mf1bnalsnajqi851nce7po,0,0,0,1,0
0oa2dua3mli7mrr32c0gd4o0i2,1,0,0,0,0
0ogg5l1i4nh37ek8mjpn8q9fc0,1,0,0,0,0
0oi4fvkqd1acu5g08vep8eefqg,0,0,1,0,0
0p0kaqfmftrtfg0u12rkshrdi9,0,0,0,1,0
0pcr6mashfodserb90cq3p04uf,1,0,0,0,0
0pe4qdimjjcomlurpgml7o098t,0,0,0,0,1
0qtjb0182k597rhbb8lkk1t2h0,1,0,0,0,0
0sejj3er3n0v1sfjv2jbnhaav4,1,0,0,0,0
0ucre4qu5jiho5kbjq61hr495f,0,1,0,0,0
0uhr32hgcllradm0p6b15371gi,0,0,1,0,0
0vkricl80bt5v7n2s6bbhvlvk3,0,1,0,0,0
108idm26bcno4qf8gqdml2sge3,0,0,1,0,0
124nsuu4makfggp1h3ametehri,0,0,1,0,0
16egv6d1m87udqmd5na62btekf,0,0,0,1,0
16r8lv9fabgjk06di8usnmu9ni,1,0,0,0,0
18ldmki7l8n9ts6jn32uh9ulli,1,0,0,0,0
1afcff96kgdbmevi5aemi5mkuj,0,1,0,0,0
1aqgqrcuurlmvvbbpirvsh7e53,0,0,1,0,0
1b5jo142dddav6pjjok6jecpj4,1,0,0,0,0
1c1h9oumn2pa0pb04v8f6fn515,1,0,0,0,0
1c414c34a3mtpaafer5lt5vvj2,0,1,0,0,0
1fsvu7m4pbt9htk9432cnv28mr,1,0,0,0,0
1g3j2jmtjse3k9p4r62706vsm0,0,0,0,0,1
1g4h4vh4d2uv360aoo55b086hd,0,1,0,0,0
1gg7urt9m7ngrt4rqu1q43t5fc,1,0,0,0,0
1gkkisdcfhov1vv3n5ae0eotg9,0,0,0,1,0
1gpqg899dn1eafk0j474koislc,1,0,0,0,0
1hv0rajig2vijia10tvjvhq12e,1,0,1,0,0
1io851t86ui0flvporc43coa44,0,0,1,0,0
1j8bfg4kkf15a9oj1igr147ol2,0,0,1,0,0
1jtqu9bvu7bii5p6kcsbgqbqa3,0,1,0,0,0
1m7s5287lpll34gm0amdciqvb5,0,0,1,0,0
1mvlnshabcf3gbr9subps50a00,0,1,0,0,0
1nbs17btpqhl48dfu2nklqhffq,1,0,0,0,0
1np35kml8m5i7a1at5jeo1kbj5,0,0,0,1,0
1nufffs0sri7c3ere47b9i5srv,0,0,1,0,0
1o1q64siv4eesglagbq44pjjle,1,0,0,0,0
1o8bhjhm5k72l4gp4t22njhofd,1,0,0,0,0
1onh1ot5pr6j6g739m8cp5dfj0,0,0,1,0,0
1r170g6lqfoff21od5nn9f976a,0,0,0,1,0
1sijirkrahu3j2dp0qmb78691l,0,1,0,0,0
1ttvuqau08dh4t1cjg50pr2298,1,0,0,0,0
1u41k0lehrsbt97q0pe4knpa6c,1,0,0,0,0
1u58qbe9ofc98u2ghpmrssvf7p,0,1,0,0,0
1um3qqrnsvve0s19nean547qq4,0,0,0,0,1
20054o9vd2q32sqnc3g6kj17om,1,0,0,0,0
20jivuatdk4e12e8kv9amk558n,1,0,0,0,0
229ea81027hf6454si90erdedm,0,0,0,0,1
22nc1tt35cv954ms0oqvbcedpi,0,0,0,0,1
24p9g4vknl8658896iaim0s991,0,0,0,1,0
26t8bqt44eou982kgvp9ve4p2i,0,0,0,0,1
26v7bi8e0oc7p58e3s9v8eic9f,0,0,1,0,0
26vbvibjbmj8melqbk3v0f98lg,0,0,0,1,0
27479tfiqfgi99u7r4vq0q33db,0,0,1,0,0
280itudqubof37k9lj729sf36k,0,0,0,1,0
29qvj8g1h6snmr2e3gjll5t3m1,1,0,0,0,0
2ciamdo9317m8q3tm7b11t4p6e,1,0,0,0,0
2cod58pj6b57pun9fl0vhiqoia,1,0,0,0,0
2dog8ussjb1su485cbk44ch0b3,0,1,0,0,0
2h5rept2cah2lqu3q4o99smupd,0,1,0,0,0
2h80p3ff9jpfboaddjevmi55rs,1,0,0,0,0
2ing4ldnnd40og2ej20qnsesbb,0,0,0,0,1
2j54lp7l4tosj8qtp2jaq0654a,0,1,0,0,0
2k97re4f45gl0ktl40bav6lfqf,1,0,0,0,0
2kgh70cmf4mhhebk1nlm7iar4e,0,0,0,1,0
2l614ncb4kp7p6q9b0a5ln3ao6,1,0,0,0,0
2lh3e8j6so3e98fpi0v05du393,0,0,0,0,1
2nbg4n3n6r9rjm8i3ssgkun3ut,0,0,0,1,0
2ofo1qtu8s78p042if3guleash,0,0,1,0,0
2ojc0m4iu85a1fggs34ppevk2k,0,0,1,0,0
2plqdrutng0gghb9ntoqp215d6,1,0,0,0,0
2s8fa1s8oe1rqsf0ddm7m9q7da,1,0,0,0,0
2ug2ev7dhmgn6780sn51jc7s6i,0,0,0,1,0
2vhdk7kkt7dtos2hn1fnlkf9ee,0,0,1,0,0
30jcp3kes0o21ej00145hji0gi,0,0,1,0,0
31vd4424iaoqg0c0gufqriq1ts,0,0,0,0,1
33gvkkt0bdfkjce2hd6rg5optm,1,0,0,0,0
35siqb4j2kkkqj9sl59b1mb3mc,0,0,0,1,0
36m3d3mt4dfs9shoptldptokbe,1,0,0,0,0
36rja5utab0pakj5136bi7rkop,0,0,1,0,0
37c1p9a3j6s14c1t90gdbgjle5,0,0,1,0,0
37f112qml42d33pentjpilckno,0,0,1,0,0
38n32l6uepd8e4gvce8gaaeiuq,0,1,0,0,0
3anop7496piqmb18uqiso0aems,0,0,0,1,0
3auhkidhn5nqe9bloh2vvl5gbl,0,0,1,0,0
3bo9d8dursvo4oi50seqn5b03o,0,0,1,0,0
3ctnavj7r6jrdpq5q0n8s7s4l1,1,0,0,0,0
3d46kbg48go8hu4srfkogn5p27,0,0,0,1,0
3dlhqa29pdkpur5c0fh3a1gcga,1,0,0,0,0
3e1l4pk01sc0ailn31s1mk5482,0,0,1,0,0
3efd8lf96ehp33fgbmbr4340tb,0,0,1,0,0
3ej2paptt43pk3mtd57opv4qu8,1,0,0,0,0
3idgnbekhsu1kggq8tgpf78qpk,0,0,0,1,0
3io4o9tlg7fa20l20kbidpqh7f,0,1,0,0,0
3k02va28s8i6u55poq55d3pn7c,0,1,0,0,0
3n2l49snas8412o73vesnrhamu,1,0,0,0,0
3n5tfsl313lu7d2r708qdqtqe0,1,1,0,0,0
3nc17617gvarormtprojm161k4,1,0,0,0,0
3p31i0ob3gn1isfdhbjeuc5j0p,1,0,1,0,0
3p6scp5rnqun6k08tnudv5gacg,1,0,0,0,0
3p8qp6np717jbhmhu8329s9nb6,0,0,1,0,0
3ptlnebdqmrm4bb4ejcfb0taom,0,0,1,0,0
3qfgfasvf42im2b2pba7hlhvdq,1,0,0,0,0
3r9cb69qg00fac5os9au9a745h,0,0,1,0,0
3rfboibsp6vin0c5iqp8r33f5n,1,0,0,0,0
3s2on00ho4bp1291c5q0avn7ov,1,0,0,0,0
3uqepgd76f9ecnauehcl4sucbh,1,0,0,0,0
3v4lcjqcmnpq4p0r6ljintqqkh,0,0,0,0,1
44jg252hdbvtafg865qn3qvi8o,0,1,0,0,0
44t7uhcc4rpgu230t5or49f7jj,0,0,1,0,0
453lvg24j5relktbluq4s08um3,1,0,0,0,0
46hm95bnvnuglhj1i1906nc80u,0,0,1,0,0
48sh2dvjsabsgd2ck8tlt04cd2,0,1,0,0,0
49rbuft0lmtfjd3qn70np3lk51,0,0,1,0,0
49smdeovekeq8fgrnfejp533r3,0,0,1,0,0
4aoe3lhvk4np2qojt6jlgbrntk,0,0,0,0,1
4bnqt73v1q2ofhu8uj797irb7a,0,1,0,0,0
4brmbia6h899nmpvf2l1qgt2jm,1,0,0,0,0
4cn3hvubj72vjjnbi1pgvu6sqc,1,0,0,0,0
4fo576p1kf4i1frb6s4c07q3pp,0,0,1,0,0
4fvnea8pcvh9fg7ei2tjsf1p27,0,0,0,1,0
4h1710vfqecf0h4r5ns5tkv72t,0,0,1,0,0
4h65el6r17t2u33da36n7m6shg,0,0,0,1,0
4j64bd6drdkbib7sfpaue62poi,1,0,0,0,0
4kucqihoo9s9u56h2aqnk8kbj5,0,0,1,0,0
4m80gpjmc7m39n63ksnr40i6fo,1,0,0,0,0
4mae49mh8va4g03vjatfn6np9b,0,0,0,1,0
4oi16je8fib5nuimua9kvsjd46,0,0,0,1,0
4siqhlcume2me7ialjagodfeaa,0,0,1,0,0
4ukoj19oqv7bp3taide1nnapgc,1,0,0,0,0
520pmodf6t9q95sb811308fdi0,0,0,1,0,0
526le3v55eugl2o3nt6s26dour,0,1,0,0,0
54r7mtopia1m3eq3mdblr3uuet,1,0,0,0,0
55vbvsikr2l9bfeklmh8cumi5k,0,0,1,0,0
5764gbg3t8mtql9553lu8kf2gi,0,0,1,0,0
5765skheqscehsp8fhs535nic1,0,0,0,0,1
59phgq1j4hsfskn63mgd5nrnmb,1,0,0,0,0
5a8tebqtg7ehm75oojeu75uho6,0,0,0,1,0
5c21arc60f2e89ghcan6ek4rv3,0,0,0,1,0
5ee4b4pb3sfijdhpp5hcdvlctl,0,0,1,0,0
5f7no8vabec3n4d414fgkvsql1,0,0,1,0,0
5hv5h86d5hnph965gtsjskmtu0,1,0,0,0,0
5ke7d1qpke4gbknkauee4runq1,0,1,0,0,0
5kiungtfda52ttssukpf21bhqs,0,1,0,0,0
5n0umenmhi0prg00139sh2111v,0,0,1,0,0
5nbijh1gp9uis7ai7bt3rp6h0n,0,0,0,1,0
5ptb5f621vhkd415d67ae0cokh,0,0,1,0,0
5rj1tnibe9ls6e30nstentpfoh,0,1,0,0,0
5rr9dand0l9k30j3bb7jhskidi,1,0,0,0,0
5t832mbt4eh6u8rj4k6sml78rk,0,1,0,0,0
601c5bov228724sv354hsjijb0,1,1,0,0,0
610qgeukfa2eaqtesji37lfrh7,0,1,0,0,0
62fp2u5etekvin0lrlmmq7ras2,0,0,1,0,0
62q04bbiebmir78qdenosuf5bd,1,0,0,0,0
64grp6p1ob94ga6d6grls0ocg0,0,0,1,0,0
656v65u3buefq447rk141pj08c,0,1,0,0,0
65gksr107mc8mcoqq7ko7h6as3,1,0,0,0,0
65jksu5rbgasntdo5kcspn140b,1,0,0,0,0
66vt430cgmgpus1k96japf46pf,0,0,1,0,0
68mcd2js4qfa1818b4peqjofl1,0,0,0,1,0
69pb8jcum0600139r70m1aqbrf,0,1,0,0,0
6b9dbucrdeusmi946v4oe5ru7n,0,0,0,0,1
6bgfb172kqce8p3ljrdgfglht5,0,0,0,1,1
6bvij40r8omc5phrrhkh2o7g8v,1,0,0,0,0
6ds21stjan6svv71du7l1ifafd,1,0,0,0,0
6e0vtib8kcudasn4gkb7b52lmi,0,1,0,0,0
6epdcnda98fpecfs85jtpdm8bs,0,1,0,0,0
6erlvu5i411jk2mgv75rv363e7,0,1,0,0,0
6g7u329js521monmac550kdf1k,0,0,1,0,0
6gftqgk6qqkipsecbrvk0mtr5h,1,0,0,0,0
6i6kr6b4j4e7mkn12n3q2vq4ih,1,0,0,1,0
6lcui4c7j8o108b1hvo672e4f7,0,0,0,0,1
6mihesnd25t81o8q64jlaod935,0,0,1,0,0
6ntd0tthl2oaq1l21tho6bflst,0,1,0,0,0
6ogn97v63ghf0kg1eidoro9533,1,0,1,0,0
6qoppolmcso7602lo56rb0i1iu,0,1,0,0,0
6qtudktna9fih04v7vq9a6q8b4,0,0,0,0,1
6rb2dgd25a6v043offbhmlehl8,1,0,0,0,0
6rm870g54tcodidn4igk93cg9t,0,0,0,1,0
6t1t0stce6afdl4ob3hl152fnj,0,0,0,1,0
6u394qqsput7repda5hc5j6m2f,0,0,0,0,1
6uoqnd2dvamqempceg9ptlc0v1,0,0,1,0,0
708cr8afimpf1psblgnd2tjugn,0,0,0,0,1
7104paf2tksmr2e4k28l2a0g4f,1,0,0,0,0
71fsq0ll4usu4432hcl6r4g6p0,0,0,0,0,1
720ua9gtve32n6s1glmvebjltk,0,0,1,0,0
73jcbd2j5ic2n99vkl17qleu1a,1,0,0,0,0
7428dqv0aoerlt7uj52th5qac2,1,0,0,0,0
74fas23ijrgep58og1ia8giv9r,0,0,0,1,0
75ufmqjcbcd722b8qt9sdvphdi,0,0,0,1,0
76150kjid2p1e830ilbabbocir,0,1,0,0,0
777aid4b8r0bh5do5ujttgh7me,1,0,0,0,0
77ac9gmq9m61tv68pqdpg1holt,1,0,0,0,0
79dekskk8s6nltekcg3hqcsbfi,1,0,0,0,0
7a9emfkn0ri8ntg4k0uotsi07v,1,0,0,0,1
7amjk40eui04f3oru7ovm5jhu0,0,0,1,0,0
7babhjgm6kamr41o51smo0enra,0,0,0,0,1
7d804ketrrcjbcq99t5lfc1fsl,1,0,0,0,0
7dg3853c6l0blec3okri7u3299,1,0,0,0,0
7e7nf7k4fcjagt3nasaihu4scq,0,0,1,0,0
7el564n2rvpqj7hl5gn3b8uk8j,0,0,0,1,0
7f2bg9n48opuf4ligvtc1dsopr,0,0,0,1,0
7fk29hdm43m3g5jcsn40ilqq72,1,0,0,0,0
7gce60ae3b26e071uuothvl8ov,1,0,0,0,0
7ijkbba54hddp8bflnqkq3ttkv,0,0,1,0,0
7iqofp00r9lg7coi2l06ripgic,0,0,0,1,0
7jbhkuigmbeo5m7ei6h4eefrmk,1,0,0,0,0
7jtk8r1ak181fhbf582hjhvbdq,0,0,1,0,0
7kngo9h919lcnfm73ip8dkdb2o,0,0,0,0,1
7njpagdcao6g5djp50o4pagroc,0,0,1,0,0
7nobos194e12uk0c7gi4e04c25,1,0,0,0,0
7onurvslijk8fm97iohvhcoq52,1,0,0,0,0
7pud1e7uibqa7cove5uuolsd6e,0,0,1,0,0
7r2rm6dnna7k51md8e5m4ufpgs,1,0,0,0,0
7rgj8vp869l5hv128476ipugq0,1,0,0,0,0
7s2ruv2tf2bpptvc3g6ujkpsbr,0,0,1,0,0
7sov66c85ju4dba6tlq2svq2cn,0,0,0,1,0
7t04jne512skpddsh6v4p3k3th,1,0,0,0,0
7viehtkjnmi6q1dque68cpudao,1,0,0,0,0
820l2cbf9vie0l802j6kaufmki,1,0,0,0,0
83okvnom28kpisse1fr9h2i6hk,0,0,1,0,0
84krefftcpohr12qe014h5agg4,0,1,0,0,0
84orvi6aecg0lm1spno79lgb65,0,0,0,0,1
84q2klr0foifmc69684fjvafqa,1,0,0,0,0
880j5rsogs8l7oi3cn1i75bevn,0,0,0,0,1
88j94n7gilr6j67l1e7rvb1kma,0,0,0,0,1
89vshcu5jgp79ebb68f7jjkqc5,0,0,0,1,0
8c91pr6as5t1m4labd9cask130,0,0,1,0,0
8cb1ubgg1ej1ggamv29nhq36f0,0,1,0,0,0
8forhp13m9505blrakpubb02r5,0,0,0,0,1
8h83euesdq85f0shmjm34alpln,0,0,0,1,0
8hj8u6nem85dat2rjgu8v7urhl,0,0,0,1,0
8ikvavmgf5jc51c5goirm6gd5i,0,0,1,0,0
8is1s1cv7tu0c13vcqka04ck8m,0,0,1,0,0
8kvar6qgj9j0r4qj5fcpkr3os4,1,0,0,0,0
8oqno6g9fregnngrc9a87c837b,0,0,0,0,1
8rgi5ent4bhdjhmsndl461qiid,0,0,1,0,0
8sbj7j6lh3n546om3rt30fk64n,0,0,0,1,1
8srapvmong540puc7nb8gttr9s,1,0,0,0,0
8u4qvgq4v27s61p19tufp3e89i,0,1,0,0,0
8ulhfbi2gtqm0lc3eeuufouv34,0,0,1,0,0
90ik2tbaupftoca4fbfiboo5ck,0,0,1,0,0
91cef4hvkkter0mpdcq2cc9ecu,0,1,0,0,0
9483162ejuaclv2j9gfosa4r5a,1,0,0,0,0
97hf7ciplt2k54f5j6109nekn0,1,0,1,0,1
9bvku70nb705599io3hdlhe0g6,0,1,1,0,0
9cau4s7eh4qcl6etgpmfvcrdos,1,0,0,0,0
9cuovso04bhmsmeovv59e513qh,1,0,0,0,0
9d2pb34kuqc935tsagi9jfmotr,0,1,0,0,0
9dsc15b0dug768h29lutm2sklo,1,0,0,0,0
9hdhd3r1imn0bdlevf1s4g2ks4,1,0,0,0,0
9p655jhvg3ttm1ols48nr8d8n0,0,0,0,1,0
9ppkomphkbu1dv8o483g64jqsv,1,0,0,0,0
9ps9ql7hbv7pcbs8mjr50e0rt8,0,0,0,1,0
9pvtp90v03esqdog93a196fpsr,1,0,0,0,0
9sha96b0pmg0a7sknb0nm584ep,0,0,1,0,0
9sohj8hb76hucpg28n02gctf8m,0,0,1,0,0
9u9n60vrj29l7tvlt893mdhi07,0,0,1,0,0
9ucesp41db4848uq9h8of7fcgd,0,0,0,1,0
a1cgh1mg2ljn1lrb41ud03f67i,1,0,0,0,0
a34090clmlpq3indvrjji6j8c0,0,0,0,0,1
a3a1dk266amo3634m4p2tpog6g,1,0,0,0,0
a3novvctivmjtfh19pehjqing5,0,0,0,1,0
a511chc13vi6tde0dr4780cr9n,0,1,0,0,0
a6umhii4ghq2rprh6c082kt10l,0,1,0,0,0
a8duimjme0djns231vj9sjarrg,1,0,0,0,0
a9iq1g2efd77vvh3t2enf44bqt,1,0,0,0,0
abj6g3lq8sffehp74cediejsmd,1,0,0,0,0
ad9scp2lb57iibuqakamfu5hjg,0,0,1,0,1
adk13b9499iaidviol33qkfpr5,0,0,1,0,0
ahbbi2bs6905fsso0trskkuuo4,0,0,1,0,0
ahpte8dp0s8io8sd28orasfpkj,0,0,0,1,0
aj9b410e48gia1a4u0s5e0on3v,1,0,0,0,0
ajpjcn74cv2ta0boepifbre3pe,0,0,0,1,0
akniekteebr1v6m9uetbh65sha,1,0,0,0,0
alj7kd9jmvubmb2khqu59nl9ho,1,0,0,0,0
and5p55791q2tuvb9das9ssr3f,0,0,1,0,0
ap7lk8nq9ssv9uftnfbf676nop,0,1,0,0,0
aq1vgpqsqkke9um243ql2chuco,1,1,0,0,0
aqn61ppbjkhm8841j1ofqp0u0a,0,0,0,1,0
as0na0kr8o0gfoe8do6a6cjsfi,1,0,0,0,0
aukl3llmaggljgm2dv21pgl802,1,0,0,0,0
auss0hbmmf507a7eqq1i2ls24f,1,0,0,0,0
av66aadi59rs6j2njfq9ka2ab9,1,0,0,0,0
b29vltsdmop45jv4bjp64gc73o,1,0,0,0,0
b2tqckppgs0lkh4tin04e659js,1,0,1,0,0
b3avd2j0387kff1fs4hseklo4t,0,0,1,0,0
b5iup8c3aosskl3hm3tmuu4lhi,1,0,0,0,0
b6hfnt250mbc1h2qub8slvg0j4,0,0,0,1,0
b9k26s8r31dauqokj6svvbedc6,0,1,0,0,0
bbli24ej1fcvboee6g2vnfq26j,0,0,1,0,0
bbvicd8c0b0onlrtpspn8slmo3,0,1,0,0,0
bcrlv1ivvsjdhl98i1bu38cdq3,0,1,0,0,0
bdc60f7qbpi1sk4b33k13c7adi,0,1,0,0,0
bdnrcfsa6rd1fuorjjjmi0o20s,1,0,0,0,0
bdsf9dba41deu2j4744onppg6k,0,0,0,1,0
bhgacl77180d93ov5a5fbbau9v,1,0,0,0,0
bj6pjladhtcnsmhgc24o31pif2,0,0,1,0,0
bk67nh5a0hl3v89n2cc6up95ht,0,1,0,0,0
bl68qvemb1fdbu18lst67s7pa5,0,1,0,0,0
bmffbdlnb9nv70j14hil43n3jl,1,1,0,1,0
brrlh9tmiodt2ekkjvn7kcsps0,0,1,0,0,0
bthk3e1tfcka1m2l41sqtfpbr0,1,0,0,0,0
c0dk2v6mvdlnfaro53euc4u2dh,0,0,1,0,0
c4icboll633l807dsum9a4jf6f,0,0,0,1,0
c4jthmvc4kk57hh14pugnmmj9j,1,0,0,0,0
c6c2qo9e5n0m9d1708ejkbtt41,0,0,1,0,0
c7rlbj17lequj24elhrere5g13,0,0,1,0,0
c8pak86q4cmlspi7lnj1ked06d,0,0,1,0,0
c9ig849lkl7b7cnikpc1b8vdi7,0,0,0,1,0
caouro53ha6k4ktgr087r3mm3e,0,1,0,1,0
capa6qv5o85v96iqab45773l3v,1,0,0,0,0
cceljn2e7ecb19s42bpvsokrq0,0,0,0,0,1
cecisqp58si6pvi4rmpmptpv4g,0,0,0,1,0
chdnpom18arqc6pe09283f122h,1,0,0,0,0
cj930a7kr4t6e8p778bj4ilhu2,0,0,0,1,0
ck0vis16184tm6572eohin19d2,1,0,0,0,0
ckd9e55t8j4kp0pe110ie8pkn1,1,0,0,0,0
clg8qr4r0tfrp2aoistrcutn2s,1,0,0,0,0
cmf8pvjupq0vghfst3ciguemms,1,0,0,0,0
cmtn6a23es1vk1v038j2pd0cqa,1,0,1,0,0
coom33f4pfor5m2sifo3jphip8,0,0,1,0,0
cp0fsmlkqai46gpcgkf8uhel89,1,0,0,0,0
cplv14bimptr0q91k4v96bbjpj,0,0,1,0,0
cpsdqcel0k0qkdbmen6e7naqtk,0,0,1,0,0
cqifhegb8rual6rgoa4kp17cgp,0,0,1,0,0
crv8slnnov42i8mci4ppsrou68,0,0,1,0,0
cs2g8i2bgh2nc7i5eiq23jp9lv,0,0,0,1,0
cs3aihfburr5c7u1gvh6hho6qi,0,0,0,1,0
ct6bddia53ch2jdj6ohppojv6k,1,0,0,0,0
ctv63c2o1vk1lmv4ne945ice99,0,0,1,0,0
cuopc1ldihiqtmik2jg0e8is86,0,0,1,0,0
cupcde8stlaqucrpahgnsiv0b2,0,0,0,1,0
d0fqf9div7sivpkmojq2vkl5rj,0,0,0,1,0
d2gu953a647hob8hnceg6kh73b,0,1,0,0,0
d2kr30adn4nnke33ank1mejhat,1,0,0,0,0
d30cg3kv9lg5tfrldsqj031l1k,1,0,0,0,0
d46m49a9l5vmcfitmoov0nnifn,0,0,0,1,0
d56qe8tlbmju1frcr1t6l1flja,0,0,0,1,0
d5rks36vj7pirvrp0qp1ferae2,1,0,0,0,0
d5srkhubf3bpjjqoo5j9r7vbbi,1,0,0,0,0
d6ouj448p4o7p49lstgcp3uqi6,0,0,1,0,0
d6pjskm59p8eml8i5sl3ui4qfp,0,1,0,0,0
d7em9di62egju3ahonmu647oeh,0,0,0,1,0
d7ourvq3bntmee5hjnv5it7v7f,0,0,1,0,0
d8b1l12au9le8la2r9g56rbqjk,1,0,0,0,0
dathp4f9v59rcb8gv8qr01htqg,0,0,1,0,0
db1eh088lv5ga1nen3ikagrlld,0,0,1,0,0
dbn8q2b8536v57emen9grsk56f,1,0,0,0,0
de7gpp1pje9dbdb5d32fnr7v9t,0,1,0,0,0
dft8qvdauujqen81pdjev9po2o,0,0,1,0,0
dhn1bd8uiaa3qnajsd3vg6kgc3,0,0,1,0,0
djtvhvvtqtj6v5ganfrvre7094,1,0,0,0,0
dne20ji4gjh7i5k19nueps0biu,1,0,0,0,0
dp87e0dcv2hm9opt9qqkjugi92,0,0,0,0,1
dplgo3sid3ccoh1p28kt7oal82,1,0,0,0,0
dpmpsl8ejt2b9e49o7ulf939f7,0,0,0,1,0
dpo8vpnhg6ca53pj9di78t9513,1,0,0,0,0
dpt66d4mu55mfh94hban355h18,0,0,1,0,0
dr09rk5eagjuu87gedvdqmq3gl,0,1,0,0,0
drqump4j37osof75tituohlhtk,0,0,0,0,1
dtm7bbi1ss4amp6ted7imor964,0,1,0,0,0
dtovhiq1irov1bbn82d6uaqjkr,0,0,0,1,0
dtte64c3b0pc9n7nr1nm179kt1,0,0,1,0,0
dufvrtn3u77g2pc3hc6to751ld,1,0,0,0,0
e0d54kstbj2pvv6qvr976476op,0,0,0,1,0
e6gudnuuemb1m5k727006diuuq,0,0,0,1,0
e7i1hudnqbm6kqnah699qbek4m,1,0,0,0,0
e8jmubonei35n62lcbcj9h2t8f,0,1,0,0,0
ea6o9mrlbajljrpf2s0rgb58g2,0,0,1,0,0
eaco6jibk68tptehc26jin808r,1,0,0,0,0
eb755astnc2v6cch658lgfrhfh,0,0,0,1,0
ebas262pt4detu2qrnao3ms6g3,0,0,1,0,0
ebnjc41jpisf779951hm4okh7p,1,0,0,0,0
edeshbkv1db1cllm5gipdkkklo,1,0,0,0,0
edf3nbd2agsd9js7ursttbmnls,0,0,0,1,0
ee08lt86nhiiffr0pmc5b127tt,0,0,0,0,1
eea0f7tis6b1ofoe8gqcs1nb54,0,0,0,1,0
efv4a0sofko479l05cmopqs3ml,0,1,0,0,0
ei15k59g1d79phsjoos1i12d30,0,0,0,1,0
ekgb1bqqcjo0i087koh3cqo2nr,0,1,0,0,0
elrsng5u5rasfrr7j91ad8dmgl,0,0,1,0,0
eoj0v25cg7p78ojpr26s9tea94,1,0,0,0,0
eojfrtvrp3d9tbsv570shra6ck,0,0,0,1,0
epkng315sbnblftuspjvd4sbbj,0,0,1,0,0
ermoth088r1kr5d5d3cqjlalqa,0,0,1,0,0
etn6pa3m0ge0k9arhbqbk697bp,1,0,0,0,0
etqkn9r76ak4hsapgckaq1hhvm,0,0,1,0,0
euj4q1fvb0h7sgca0ngnkb88gs,1,0,0,0,0
ev7egii8jia9kq6jfcvp3ccego,0,0,1,0,0
f0prqiag90373knljtlksmsp9g,0,0,0,1,0
f76c77gidobkhj3onqhf4s3n4d,1,0,0,0,0
f8mmn03rdoojfjb50ma70ii8pg,0,1,0,0,0
f8vvptugepi32i09gotgtjb50d,0,1,0,0,0
f9gd6pgmkcgvpb3lfnmr1rp86k,1,0,0,0,0
fas9mgeiptj5suoafcgt3cb6a6,0,0,1,0,0
fbg765mj84vj3htic0b4dq1n3r,0,0,1,0,0
fc5gps8fqlfqk15jevt6s2jf9n,0,0,1,0,0
fhiu23ij9g1dlfl0rrq5vr8ofa,0,0,0,0,1
fhob1hm9t3bm6ea9fm9fppec77,1,0,0,0,0
fnfnrgeld9b5gltnk0l910b7hp,0,1,0,0,0
fo6m1rcfdn34q1l8ch8h5tpn9l,1,0,0,0,0
foe78l2si3v0pbi9u3v9nhrgq3,0,0,1,0,0
fqf1qhnskah73laqhn8vaf3rfm,1,0,0,0,0
frtjedek895v147inuk52afh9v,0,0,0,0,1
fsjvbae9a6rr1ka25ldsvbdtuu,1,0,0,0,0
fsnt8h9aa411ltni8e4ang4vhs,0,0,1,0,0
ft8u3nl9jdblj7li54daecevaq,0,1,0,0,0
funl6b42rjdgtlcmoviv6alomi,0,1,0,0,0
g0tasn4quqqhmjj1cvsj5skoif,0,0,1,0,0
g150gc5ebqqebuj9u1rmjmdkg5,0,0,1,0,0
g2gh9qmk9krld14h5uojlg7g10,0,0,1,0,0
g6c743l75fivr6eeqb8lgi5u41,0,1,0,0,0
g6qvdvs8dvcr93euju3r3u2clg,1,0,0,0,0
g78cgc2minsta2tcg6hq9dvdg2,0,0,0,0,1
g7hkch1qhb40st6ahs0koe4cml,0,0,0,1,0
g7q3oi1lvdqbljh6ili0al2co9,1,0,0,0,0
g7v2e1jd1n4d06b3o6d72eckh1,0,0,1,0,0
gdgkjv2q26qm9bla312nld988n,0,0,1,0,0
ge787tj6erl5q3dnclfvdsqkbd,0,0,1,0,0
gfdhriv71s2e4co6clm2sf5cbf,0,0,1,0,0
ggik7ranc9tpounf2576ulu1pf,0,0,0,1,0
ggkoae2me51q02ro3ren47rs9n,0,0,1,0,0
gh1545klvvn6sdmmv8ntfjtpsj,0,0,1,0,0
gh9s7753br49h4c8g669fucshp,0,0,0,1,0
gk81vt5nc7jnrd0nvgf7shli3f,0,0,0,1,0
gn2klnvoilbfoihm2s1juh2ij2,0,0,1,0,0
gpdgqpd8hjc63a5ebcn2qrdf06,0,0,0,0,1
gq715ms79515gcq39vf91mli6t,0,1,0,0,0
gqcjo921gf4ddu9u486h8t2f5l,0,0,1,0,0
grbvlqd7u4foh99hguga49f0fg,0,0,1,0,0
gsd3nedjgf2f0bmitnttcsi2er,1,0,0,0,0
gsflh76i02fd9bk92ifa8jnc7b,0,0,1,0,0
gsqncecv3qqfj2rqj1tji3j4d9,1,0,0,0,0
gt6ccjle54o9oqntbbt3vci5pa,1,0,0,0,0
h2jo3uq1om8vp81nopaa17kegu,1,0,0,0,0
h2jq34f4g7icu2s7h4lgd6btj3,1,0,0,0,0
h6kek9u7g8sjqhdu2jr9fg6s5h,0,1,0,0,0
h9gaeo351pqnmpu055ot9s5mtd,1,0,0,0,0
h9iog4f2a26totqf6smndci6bs,0,0,1,0,0
hahdsuj7fgsont1nmi7neiljo3,1,0,0,0,0
hctlni7i4rclegm7bs6afhs16h,0,0,1,0,0
he1pltpfa23hqun31ciub3ksmo,0,1,0,0,0
heooocaj90nj4usab96vr0t8bo,1,0,0,0,0
hjagioo7ckqbdrl0ssivbte57q,0,0,0,1,0
hkarq9tbvs7j14u8v4bcj814tk,0,0,1,0,0
hq306mp6dvnclg7plqla9a8oe1,0,1,0,0,0
hr9t5fv365o0t7f26ilhe2rc8j,0,0,1,0,0
hrbko2t4t14q3pahqltndlolb5,0,1,0,0,0
hretqun6idgv9pbr91ufn8pge6,0,0,0,1,0
hs62n8oguaemh0k12m9434sr20,1,0,0,0,0
htodnmm7tjpihgeuqk64c0gjes,0,1,0,0,0
hujnm9166tof0hmoeid55a996n,0,0,0,1,0
hv911a12gbfif0squf2mli3oe1,0,0,1,0,0
hvtn2cbbipcjc88sjuuq7k0br2,1,0,0,0,0
i1amp3mrqeufq0clj26kn6kco6,0,1,0,0,0
i2q4kdikj02dm9lvavtkaestg2,0,1,0,0,0
i48q4ssfv5tk615amqb3ikphql,0,0,1,0,0
i49goovgc8d214dbipv8o6504l,0,0,1,0,0
i4bgdstv07o3mdh655ohgqssin,0,0,1,0,0
i54vr6i7vikgq6kp7o8prcchip,0,0,1,0,0
i56202ejgd4kmohsll917rfkpd,0,0,1,0,0
i6io829o6v8o8r5bo6tgoc903p,0,0,1,0,0
i7kmtdu6no2thkq8drg4r2ilie,0,0,0,1,0
i88813la3hv9tvhl0np861dtfa,0,0,1,0,0
ia9s4av1gau9r2e17bi4kdpr2m,0,0,1,0,0
iae9nd0n4lmdfntp4ib72dt4fh,0,1,0,0,0
ibf972u5q4vlvvev54goetuber,0,1,0,0,0
icjl2m9q6satjga38pfqqnmjl8,0,1,0,0,0
ietvvqnp1uipfkgc8kgd09ujb6,0,0,1,0,0
if6sd7i56fpr2k4fcu22hcpjin,1,0,0,0,0
igbeqcjnbst8afmoi4sg6tn669,0,0,1,0,0
igirlpfg3oft6i3dl8ah549gqi,0,0,1,0,0
ih6epc7qm8aubllr3d4dhctqso,0,0,0,1,0
ii4dosupqt4958ru71845a0hso,0,0,1,0,0
iisk9j1h1c6o2etcrctuohltt9,0,0,0,1,1
ik3l1becqi206cta488uu7c7m7,1,0,0,0,0
ikchggsmhgkjur8n2t4f0c75uh,0,0,1,0,0
ikrmivc56op6locohdc2shs3v3,1,0,0,0,0
ikrs0ssfifs59f9mlcq9a8qj2n,0,0,0,1,0
imgld2d8lq8ugjvfur481ofr2n,0,1,0,0,0
iq6lsdg74fvqm528shi8kb7e1d,0,0,0,1,0
iqn8hsc70v29r5815sv642aeh0,0,0,0,1,0
isiekn2h40prbuarp6bmi4tui3,0,0,0,1,0
itltb3mfbii9h9ikttfqkc3ca2,0,0,0,0,1
iugft3rvfcldeefq4dfbl6vko6,0,0,1,0,0
j09afvs25gdij4vebr11kt9gpr,1,0,0,0,0
j0ltf13ceqtklcioguthcuj0rn,1,0,0,0,0
j1bgobvbjbfckjsi7uau5tfp1s,0,0,0,1,0
j2q3t0kjsajvculauug5s903cd,1,0,0,0,0
j305v6gg71vcjp9cjdgf7bvnnq,0,0,1,0,0
j5q0rc8234mif6jlcbff7tmhsk,0,0,1,0,0
j732r4nonn5d5q37e9u2g9hr11,0,1,0,0,0
j8e0t5t4nnr92fupp8rh18ihkq,0,0,1,0,0
j9b7c6ilojfpbhl0nbti3cqfi1,0,0,0,1,0
j9cljd6f2f9lmo7ce5uht8pdpt,1,0,0,0,0
jbgvn29afrbe34d1tjjmkovmvo,0,1,0,0,0
jdvmnfhtlr1rrga9g4148mr16s,0,0,0,1,0
jem57j0s9bisf3rankqdkqq10i,0,0,1,0,0
jepk2lqaj5t5jitmkmpdjqbcsq,0,0,0,1,0
jf8u319v8fe7pqp2vflu4nlj40,0,0,1,0,0
jfmilo33fin84baeh3k6bcnh3v,1,0,0,0,0
jgud4pu6klbeel0e9nn551i9ib,0,1,0,0,0
jh9bs45mauu7v1mfl3et8i77hk,1,0,0,0,0
jij3srivs9gtodv0tcv3rim8dt,0,0,0,1,0
jij714b81gib6j0edvr6qv9u8n,0,1,0,0,0
jimd0j115fjodk0qn9bp6cmsd0,1,0,0,0,0
jpbeofacs0492d9vi9r726urr7,0,0,1,0,0
jq81oksgh36g25rlv3rmulr6ve,0,0,1,0,0
jql33afvhnt7790b17tvvcn87d,0,1,0,0,0
jrrvothv142fn0a4gg4a18a31i,1,0,0,0,0
js47oan5tk8j0resvhl9qer7lj,0,0,1,0,0
jv0ep8f81ek5v6ofijqjn3cf3h,0,0,1,0,0
k00lp4ik0epelb6b63mbdev8a2,1,0,0,0,0
k0371k7nj5dqmfg9fllmll59sn,1,0,0,0,0
k05ut8rvm798ab7pgnolv2st1f,0,0,0,1,0
k06kjee5sc5bs961fvll13ase1,0,0,0,0,1
k0lmsmgdnlrmttlg6qpnilufp2,1,0,0,0,0
k3p6gqomoabnp2k5malilpec9e,0,0,0,1,0
k43vs9a9svdetkit6uovpb6th1,1,0,0,0,0
k5pg7u2907cb9nk61dd8i15fm2,0,0,0,1,0
k6e6fem4qek1jn58vujbrinfge,0,0,1,0,0
k6p4e7hilkldr6su9hdu6euqi1,0,0,1,0,0
k7q0tctsbbbhju48ql35fipt7b,0,0,0,1,0
kaodsjbnqm7umgfvao63d3rihb,0,0,1,0,0
kcjcrt2p6t6vi19so38e7audcb,0,0,0,1,0
kd4h7t2e50hpl0uv1pdbcsoe4n,1,0,0,0,0
keuiq0cv69c2afrg7rl1ar9dsj,1,0,0,0,0
kfe4jnjpk8sv38uh0cnmnhcglf,0,0,0,0,1
klm20skjqset2im1v8lk31m6hf,0,1,0,0,0
kn4jl5vb5fita9bo6cu1b6jrk8,1,0,1,0,0
koftcfkosigp4f2ibgfi0dm0co,0,1,0,1,0
kpedbnklnbmle61jm27kmfnkoh,0,0,0,1,0
kph5igjl88pqeoa3ghjdcsmket,1,0,0,0,0
kq259hljltf8cofepgru4e5nfr,0,1,0,0,0
ksho0o7olvo6iah5gjo6tinp3v,1,0,0,0,0
ktvnpmoa2vkkhe39b466k5717p,1,1,1,1,1
kvg5ag8sk3irhtl5dq7p4cl8ue,0,1,0,0,0
kvl5lnj0qae6k8o9spaaalti3e,1,0,0,0,0
l281lufhl0p948rr5o7mq7rhoi,1,0,0,0,0
l2gcmv2s4ov9p8n79g9034jf2j,0,0,1,0,0
l2tls9ukffib96g0uddp9k9c4m,0,1,0,0,0
l37rc0p4ont4j69ossmdekn9re,1,0,0,0,0
lainc2mec0jg4l7ko2itjv1v51,1,0,0,0,0
lbpk1okd4btot9vqfjpsv2vl9n,1,0,0,0,0
lgm2m88i22v3fuljrkfdpp3h12,1,0,0,0,0
lh1vo5umn4d5igedhgc72ta772,0,1,0,0,0
lh6kl6i9tioe77fp8kgmb1de9m,0,0,1,0,0
li1citv767lpesc2bt9c1eotbm,0,0,0,1,0
lmg6hik8gag0jugp27h6qpim4e,0,0,0,1,0
ln5iinme0hni1rh2cln76shhm2,1,0,0,0,0
lol3qmnm070bfiec7503joii19,0,1,0,0,0
lq3eurvqctj6th0d4i7fff11hn,1,0,0,0,0
lq8dub264g9l1e0ust78o4q9ui,1,0,0,0,0
lu2vabqtd7mhjirluaij1a6qcg,1,0,0,0,0
lukkp458sudl46nko5815kgut2,0,0,0,1,0
lv5nbfos801glb5c8m79kgon7r,0,0,0,1,0
m01ltdunc7d4tjuh0r8opr8c3k,1,0,0,0,0
m1e1mgb7hbmqovglk2rp4f7en9,1,0,0,0,0
m1rt858554qvald7e7pmrm1d8b,1,0,0,0,0
m2d7pem8vph8npifco3ogcf8on,1,0,0,0,0
m53jq0p03vjq9ggef5fqamii89,1,0,0,0,0
m634porafkebq83n1ncv8fprkj,0,0,0,0,1
m69n9tg4qgmjvgi32kfqrvc7fe,1,0,0,0,0
m7cd9aev6os2phk0sdkse238l5,0,0,1,0,0
m8fe1qtn358dg2b1b6fingti39,0,0,1,0,0
mc9vvj20cc427d1vhl9aah593q,0,1,0,0,0
md58k6ejokrtefaghth7v1ghtu,0,0,0,1,0
mdeo4lt99fosg4pudmlamcf4ng,1,0,0,0,0
mgjd1l76a6rfo7kcfiofk428na,1,0,0,0,0
mgr9t6dlg6ldke41383v0fhq3q,0,0,1,0,0
mj7og8gp23omgkn21akfqrovp8,1,0,0,0,0
mk2oavmggeb3d3t0lsqar5fhts,0,0,1,0,0
mk7jdh4qi5dkquenuvef8qk855,1,0,0,0,0
ml4tnn1lkctli3fofonrj629qm,0,0,1,0,0
ml6u6ltsq0vhdsiqcbqnpbkh5k,0,0,1,0,0
mld2vskicvoo3bvkk0fnjtuv7u,1,0,0,0,0
mlrcehe439iiene6e485tni66i,0,0,1,0,0
mnnl0t00i39d68sebkf3oa05k4,0,0,1,0,0
moqasnr56raoh1gq94vqlngt50,0,0,1,0,0
mpq0pfpkc127m4bti2cp71cqgg,0,0,1,0,0
ms3cf5h8obah9v5aqutt372t1h,0,0,1,0,0
mtilohhtbsshka38svllisk0am,0,0,1,0,0
mu18kf0qp9tuogrbrqj76n5i73,1,0,0,0,0
n1gg8so80f6j2puh8eepovtejl,1,0,0,0,0
n3iph75f9dp0vk52lig8nk3n1c,0,0,0,1,0
n4sa8kulckaa6rohru1vnq336n,0,0,1,0,0
nb8go732bndmpst34i2vb63ddt,0,0,1,0,0
ncqp9ihc4ljkk0ku3j16ltr1mk,0,0,0,0,1
ned2e4odat4grp3hljtn1dv74t,0,0,1,0,0
nidpf2p3dre08hrms80l6s4r07,0,0,0,1,0
nkoa2dl20gbqn2vrse8rol2vr6,1,0,0,0,0
nojpme777coksiq64cb8142cij,0,0,1,0,0
ntq39vmdijl66047lvvr8qeuh8,1,0,0,0,0
nvmlnfhs5v6hehsd81e9mf75cn,0,1,0,0,0
o1592k96pcf168anr3cahqlmo5,1,0,0,0,0
o2dutldgeigipiq4cd4t69mgr7,0,0,1,0,0
o6uujmtvvdkacotcvuq6726pmi,0,0,1,0,0
oefj652iolkub646m3bu8p1fq1,0,0,1,0,0
of88tio3m86e4l7568su0i4ui5,0,0,1,0,0
off3tpqvmr2v6sndat4d5v6p28,1,0,0,0,0
ofq2s5jou43oeoe4g0ug7lagth,0,0,1,0,0
ogi1pgmr0qumtrcff44ioga1be,1,0,0,0,0
ognvhdn35j9b11cnclf6ej5gsj,1,0,0,0,0
oi1lr6ejccf45a4uel0npm9fv4,0,0,0,1,0
omr3d5pcem5dvhkq4mofqi95p9,1,0,0,0,0
oofgc9mb4le54lelfes0lkg7pa,0,0,1,0,0
ooi399crjvu4fv4q02i1gk2pld,0,0,1,0,0
opvneus7go8e778gr48obumad4,0,0,1,0,0
oq11t11ns4t2gj9cdnl10da80s,0,0,1,0,1
os9be9s5er1ud8569gm26htp0j,1,0,0,0,0
p23n9e7fgc16bbf1s0l2dvbjb6,0,0,0,1,0
p3ouvh8qhvglps9kgn737mr3q4,0,0,0,1,0
p5keafiscisucgq2tut00s0s7l,0,0,1,0,0
p7g6ccuqqfum0pbfk5q82nhnam,0,0,1,0,0
p8dfknpol8hhhn8a1m7nma4o71,0,0,1,0,0
p9rb949jj3aci28mne75opl41i,0,0,0,1,0
pac95vjmfd9ppc377csnrt8f3a,0,0,0,0,1
par53k0fasa7h2uflvqs9dph26,1,0,0,0,0
pbml0l0h4revrv7buomn2r48pi,0,0,0,1,0
pccj98vh9qtplf14oejps74daf,0,1,0,0,0
pf7tnis955pq27n6sibk32d87k,1,0,0,0,0
pfp1r64gufu52bgl6cddpio0a2,0,0,1,0,0
pg2b3a3g23i6na799pq3h8ek1h,0,0,1,0,0
pgnhcqhsrjq593qi64f3e1mdju,0,0,1,0,0
pjh2clpmj98l7mlou0rsernk9u,0,1,0,0,0
pk9p4i56cb118chl5f5n65had1,0,0,1,0,0
plqae11g5bqqbslgcol5optt17,0,0,1,0,0
pmb5bepkpun1v95n8rveof9ee0,1,0,0,0,0
pmta0v6c1d9aglgmlf60cljj9h,0,1,0,0,0
psf00pb83ao7pp4jtgtisddl9u,0,0,1,0,0
pu045tt0313p6t1k6g78ggjop3,0,1,0,0,0
pu2qjl34067dmgmfehqhsdo88h,0,1,0,0,0
pv89k1oprp9a4c01v0u2po4sab,0,0,1,0,0
pvkqfvdopap7c1e9hrdeakkq8u,1,0,0,0,0
q1o0qkqsoj68iu46sk9t89a8uu,0,0,1,0,0
q2kp94bt0rcv9b356cqsc3jca3,1,0,0,0,0
q65jm6jihcr4i61hice7tl7qcb,0,1,0,0,0
q7784rh4612si6454op6l8u8vq,0,0,0,1,0
q7cncf2c9icjrtpuhsf896j3u7,0,1,0,0,0
q80o426gl01opbf2ve05c36c4u,0,1,0,0,0
q8ljo3ek8k2ll6p1h4n2a6ephn,1,0,0,0,0
q8qrhifod86c8nf2n9t6uqsr0p,0,0,0,0,1
q9ebqjoa4ni6shhp702u8eg2v2,1,0,1,0,0
qb9nte3m02m5iennt4e7mg7caf,1,0,0,0,0
qce4mdhafthbeeljaia46hie8o,0,1,0,0,0
qd5flhhi6gq7bf2qvjj8jkc2fo,0,0,1,0,0
qdnoqn2ulpp7staf7u1pfv4g49,1,0,0,0,0
qe370ks533bvqh8n9ra33968bn,1,0,0,0,0
qekb8l6o5qq9214i0vlpi5cmti,0,0,1,0,0
qg5jilensjo45f7koo4cvrouqn,1,0,0,0,0
qin480b2uihek2qocc135j70fs,0,0,1,0,0
qlgu4hfptc004osevv48p07oj3,1,0,0,0,0
qqvn22bkui88d086v1pnp37cus,1,0,0,0,0
qtahmnoset660c0ekqkrhvhmvm,0,0,0,0,1
qur2rjfuop46r89eoifcj6onod,1,0,0,0,0
qv00vt6spg157dg8ro7cbt2p43,1,0,0,0,0
r0e98rtqr6192k5b8gl4ndlmha,0,0,1,0,0
r3c01sgu9adcjlda1lsbfpce49,0,0,0,0,1
r4qbc8d0f23m1oi2jeplnl7k3q,1,0,0,0,0
r8d9u4g82re29ptdde19fpp4v8,0,0,0,0,1
r923k2otqno88m0de8d9bharc2,0,0,1,0,0
r986sph7484e1vvord75e81q6f,0,0,0,1,0
r9uf7f3fpiekosg8m33hcuqt79,0,0,0,1,0
rdhrcgmo18lq0vr3m840ddgo21,0,0,0,0,1
rdrkop6n2o5qgtbpm4o4as05mu,1,0,0,0,0
rfvugmk87jtlaiilouut5sdm32,0,0,0,1,0
rg3bmjunhcksnch3utt3ruedvi,1,0,0,0,0
rgt513e3eh2uoq34fvpvo50pf6,0,0,1,0,0
rh5fn2njcglhb2avkv30id017u,1,0,1,0,0
rn9ua6kjssv61di6cud5a4uk9n,0,0,0,1,0
rpfu606etvajji75o9a62sr0go,1,0,0,0,0
rr07fpg8dl1ha6d8g8c99pd4kk,0,0,1,0,0
rr5dmh22u1a45um5tc0n8m20kd,0,0,1,0,0
rrfi384f5fj7qouphcasrdgitg,1,0,0,0,0
rs3pm69ahuvtr55nh39d8t9m0q,0,1,0,0,0
rtp18qghc0uf5qimp6rfthq3jl,0,0,1,0,0
rub9gsleatju654rbt8qfihpjo,0,0,1,0,0
s07af6jn35uipvfnkj6hpglsl9,1,0,0,0,0
s1ebp3qssmm2tkn9pnp66tjom1,1,0,0,0,0
s22ulplav9a7svordh7cc4olt7,1,0,0,0,0
s4itu9pg46e3pnb700mqbqetra,0,1,0,0,0
s558jfek7a33mgjkn9c8bkgjeb,0,1,0,0,0
s6ue7sbdb5bphs1phjhtu44abk,0,0,0,1,0
s74076j0vtua7ct0fkej7ehmt8,0,1,0,1,0
s81eaolu1qk6vckv5vvgqbg4se,0,0,0,0,1
sbrmmsorp8ijmhg8ai8r6ri49n,0,0,1,0,0
scep2a1a2l1tjoc5dqlche5mqq,1,0,0,0,0
sd8qtd5qblkhbiq3el51h7p58q,1,0,0,0,0
sdum2h47k57i17al0j3cuv6fhu,0,0,1,0,0
se6tdqu752aqh6e17t75jvilqu,0,1,0,0,0
seh4sf3qbn4bj0c6bcnjnpc1gm,1,0,0,0,0
sejrttfd3065bs0v3qgta1ue88,0,0,0,0,1
sfedmcunjsggu1piohh2a02a81,0,1,0,0,0
sfhla3ba8au3uncr3k687c8e55,0,0,1,0,0
sh20917n2lp4h8hsm2a5t6vuqa,0,0,0,1,0
sh4mk6br2rlo4al4edpaq3inoa,0,0,0,1,0
si7usj6t28v0ftdul1j99j5g8t,0,0,1,0,0
sj9tpi8eghe206ohaffcht92h4,0,1,0,0,0
sjfvagsre8ji4h8upib9o466et,0,0,1,0,0
sjr20ddno9sftolk2ofmqoskmf,1,0,0,0,0
smjle8311adgengdcgqfh70ua0,1,0,0,0,0
snh8o5pkj60d0kp1hjeqm1hu15,0,0,1,0,0
sntut89u165hiclvp7dkplmlcf,0,0,0,0,1
sopfl84p8tedp3pg82595v3um8,1,0,0,0,0
spilsj4hrtrhrga78ml3kr26la,1,0,0,0,0
sq4m5q447bh71ls0guhpua2vmr,1,0,0,0,0
sq6gghu3613fgq6t6h9bcr80ie,1,0,0,0,0
sqgp91m7bngarqqihg69v490e7,0,1,0,0,0
ss0e28413uif2hd88q186t7tj8,0,0,1,0,0
stmp56sl899fs8ev99pk7nfuvv,0,0,0,1,0
stufhiktcb2o7spcg4sc1ufi82,0,0,1,0,0
surtd19ghcuqlnb15f3cgikoq6,0,0,0,1,0
t1eo5hqdtq21m7t0gulu2henl0,0,0,0,1,0
t1f1vpoq5bviuguflv3c7r1m1i,0,1,0,0,0
t28k90eo6l3k3idcdvulqnj5v4,1,0,1,0,0
t2f4beuendeiprugkeoks17kqv,0,0,0,1,0
t3so1hoe1lgdsm1b18pml4ou67,0,0,1,0,0
t5at6e9e2rorsq2b02760ceoku,1,0,0,0,0
t6h2nm44688se8cf4c0934l6qb,0,0,1,0,0
t7573jdbiaqinp6il8lj4cmq0o,0,1,0,0,0
t8f9bu34vogoj5kisdk61hp83n,1,0,0,0,0
t8r8i1gfvjj6vtbe2q8nala94c,0,0,0,1,0
t9k1lcjubt6b04dv3uus8ili4j,0,1,0,0,0
t9ndgsaousi17rpa3gktms4fsr,0,0,0,0,1
tccmnubp332iu6jflr59suno5t,0,0,1,0,0
tdm49rlqprtglqndl74j4cekj0,1,0,0,0,0
tes9ba915l9f7e3i12vdgj7bte,1,0,0,0,0
tfqlrm6knitedm4alt4c0cuvr0,1,0,0,0,0
tgjeh5ae9h3v4vmds3oemkq48n,1,0,0,0,0
tl2je8q2l4malkodn4inhd4n5o,0,0,1,0,0
tloh2a4t9e4njmje1hid5gjgsa,0,0,1,0,0
toak9a9cb4mgdutepbj0qbvt37,0,0,0,0,1
toev2ckdu2lej3tduq92vrkjdt,0,0,1,0,0
tpopok2jdsm81rbm3ar7pkj1ak,0,1,0,0,0
tppc7d6niqt6vkt489cphu55dp,0,0,1,0,0
tqrlpkilcautmkh72gt9vnonhk,1,0,0,0,0
tr49as2b6usmesqvnee1l25rpk,1,0,0,0,0
tr5fbeta11pirki760fvndcfmb,1,0,0,0,0
trga4mrvjvogdgoi9vrqkmi92j,1,0,0,0,0
ts4gvk541fole1uj2sd38kqpcm,0,0,1,0,0
tuj638u2p0m3kosnv3mubq7r1f,0,0,0,1,0
u1t0tjb9v5dna5vbatsn8upbbo,0,0,1,0,0
u4hgvjvkej7fj006vikof3a2vb,0,1,0,0,0
u50bckimf1irqshqir6leujcd7,0,0,0,1,0
u5co8igfher6a7v5gvrg14nrcf,0,0,1,0,0
u6rj19l797n5lnvk6qlunbmp8a,1,0,0,0,0
u7p3p3putpsnn54hsbc6okq3vg,0,0,0,0,1
u86k3ilcujog70qt5k0vvllhge,0,1,0,0,0
u89p7qigo3rvvgm0vgs06hk8sc,1,0,0,0,0
u8qol5a9jgqhlmucgtu8a6sd55,0,0,0,1,0
u8t6obfjabd8m1ee8fmpvphsc0,0,0,1,0,0
uahge8n75dd7aguqnt1bs0f8kd,1,0,0,0,0
ucc610tt08foih9ed0u0hl2urh,0,1,0,0,0
udn452le5ogkhjhfsremal3bkk,0,0,0,0,1
ufaj0lbcmqa0l022l9jan5n87l,0,0,0,1,0
ughg8a2grt5bm8pih1b1n40lt5,0,0,0,1,0
uhf23oovvspj8f789efheus9rt,1,0,0,0,0
uk2rt8k37hf4v8sogabdk01tua,1,0,0,0,0
ukusu8ahnf4sr71vcctcjk9qba,0,0,0,1,0
unb2o9renu51sve3i0kqi604th,0,1,0,0,0
uojjl06k7ee9lk3pc48ppaan0a,1,0,0,0,0
upgqfre5gn72uks220ag27idir,0,0,0,1,0
upqaiodm0qui7lh5plpf2rsgfc,0,0,1,0,0
uqhd4i1019lcou4b0s1l1vdq87,0,0,1,0,0
uu8g3umhdi5aiibsrksskgkiav,0,0,1,0,0
uua1uaccgs16aemnutnhohpp0v,0,0,0,1,0
uum8gb1r189cdke60cacrnonul,0,0,1,0,0
uuptnm17glt6pd240rdeho5ke0,0,0,0,1,0
v1anlmpl7qj59jjbvr9o1cfdga,0,0,0,1,0
v1n897ru2ce8tptap3kb9848q7,0,0,1,0,0
v23rfeffhu8tnkj029mv5angtg,1,0,0,0,0
v3hbnujku5f0bm2mmbjqrr9rg8,1,0,0,0,0
v5tjg81181jr1tj684qa363p41,0,0,0,0,1
v6g56j1moj87j95r7n37hjcjqa,1,0,0,0,0
v771lrk33jh7op61idi1dehaqa,0,0,1,0,0
v7qok0dv5ekcaoefquadgka6me,0,0,0,1,0
v9jf53j6tf8mfrvn2mnmut46g9,0,0,0,1,0
va6f8jsmvsjbclasd4rb4357qn,0,1,0,0,0
vbkgr0r0pcvu28i2q3ie6lbq9q,1,0,0,0,0
vbmbg6ejpdtf9ttpnd227e416f,1,0,0,0,0
vesce05eka45pdoucmgeitgov9,0,0,1,0,0
vf1geep6fp5v2i7111mp1akod2,1,0,0,0,0
vfbg2ohita6de0m330eua19uqt,0,1,0,0,0
vfjlv1ioacr3n28o6rucf7lkmm,0,0,1,0,0
viq1vmgres2bhnholc4p3a76lh,1,0,0,0,0
vk2q8chnhptdkk8o8hnitlfrl4,0,0,0,1,0
vklod2mbntvm2ov1d5fk9834i6,1,0,0,0,0
vllcsfvm4m4b6559eckqpg3mvq,1,0,0,0,0
vmgkfqtair7fq7kqqr6kpqm9st,0,0,1,0,0
vofhhjsbkpj6kc9it95e76nu1a,1,1,0,0,0
vopb1c4o3o2dpsov8jinbbou5h,0,0,1,0,0
vpem37eakuh12eqj9nb99cpk98,0,0,0,1,0
vqdvioip730lq32umqa85ikehl,0,0,0,0,1
vqrt3maidth9lr4df2egocd88g,1,0,0,0,0
vtcjrbtjq57mnai4banl61pd25,1,1,0,0,0
vu3fio88psda005g91fbjona0v,0,0,1,0,0
vuejdbf9g64agugq93tfekha8j,0,0,0,1,0
